{"type":"FeatureCollection","name":"south_amboy_road_centerlines","metadata":{"source":"NJOGIS NG911 Road Centerlines (Tran_road)","url":"https://services2.arcgis.com/XVOqAjTOJ5P6ngMu/arcgis/rest/services/Tran_road/FeatureServer/0","query_url":"https://services2.arcgis.com/XVOqAjTOJ5P6ngMu/arcgis/rest/services/Tran_road/FeatureServer/0/query","retrieved_at_utc":"2026-09-04T20:06:12.466063+00:00","source_last_edit_date":1785341586960,"out_sr":4326,"query_envelope_wgs84":[-74.2978942,40.4702429,-74.2679439,40.4985112],"spatial_relationship":"esriSpatialRelIntersects","boundary_file":"south_amboy_boundary.geojson","boundary_sha256":"8a714d90997415609734e795f9c1ecf0e1d60b34f3892315cd4a413c24f5bccd","fields":["OBJECTID","PRIMENAME","ELEVTYP_F","ELEVTYP_T"],"feature_count":605,"complete_objectid_inventory_verified":true,"municipal_clipping":"Envelope selection only; clip against the actual municipal boundary in the application."},"features":[{"type":"Feature","id":502,"properties":{"OBJECTID":502,"PRIMENAME":"Reseau Avenue","ELEVTYP_F":0,"ELEVTYP_T":0},"geometry":{"type":"LineString","coordinates":[[-74.2913400675362,40.4710143435479],[-74.2920169304438,40.4714644492441],[-74.2927828005159,40.4720205631418],[-74.2930070297019,40.4721610767721],[-74.2931901626255,40.472270084264],[-74.2932394398258,40.4722949885305]]}},{"type":"Feature","id":15484,"properties":{"OBJECTID":15484,"PRIMENAME":"Bordentown Avenue","ELEVTYP_F":0,"ELEVTYP_T":0},"geometry":{"type":"LineString","coordinates":[[-74.2896382842294,40.472371229459],[-74.289478854387,40.4725008126284],[-74.2893410436707,40.4726137155819]]}},{"type":"Feature","id":15530,"properties":{"OBJECTID":15530,"PRIMENAME":"South Feltus Street","ELEVTYP_F":0,"ELEVTYP_T":0},"geometry":{"type":"LineString","coordinates":[[-74.2864357775203,40.4778202813228],[-74.2866514234396,40.4780962647324],[-74.2869245756405,40.4784565189453]]}},{"type":"Feature","id":15664,"properties":{"OBJECTID":15664,"PRIMENAME":"North Rosewell Avenue","ELEVTYP_F":0,"ELEVTYP_T":0},"geometry":{"type":"LineString","coordinates":[[-74.2774159927701,40.4852434101429],[-74.2776484472718,40.4855643524327]]}},{"type":"Feature","id":16133,"properties":{"OBJECTID":16133,"PRIMENAME":"South Shore Drive","ELEVTYP_F":0,"ELEVTYP_T":0},"geometry":{"type":"LineString","coordinates":[[-74.2696836564366,40.4807517666034],[-74.2696350296015,40.4807712368054],[-74.2695830793209,40.4807848085146],[-74.2695290241872,40.4807921633805],[-74.2694741321679,40.4807931288804],[-74.2694196908616,40.4807876823667],[-74.2693669772946,40.4807759515981],[-74.269317227964,40.4807582117423],[-74.2692716098329,40.4807348789216],[-74.2692311929559,40.4807065004514],[-74.2691969253792,40.4806737420017],[-74.2691696109022,40.4806373719818],[-74.2691498902233,40.4805982435161],[-74.2691382259122,40.4805572744313],[-74.2691348915604,40.4805154257278],[-74.2691399653654,40.4804736790369],[-74.2691533282974,40.4804330135954],[-74.2691900815989,40.4803772503894],[-74.2692488082867,40.4803187318707],[-74.2693550320705,40.4802477622799],[-74.2696407927853,40.4800710783774],[-74.2706550498095,40.4796068893318],[-74.271796077889,40.4790923746912]]}},{"type":"Feature","id":16198,"properties":{"OBJECTID":16198,"PRIMENAME":"Ridgeway Avenue","ELEVTYP_F":0,"ELEVTYP_T":0},"geometry":{"type":"LineString","coordinates":[[-74.297087337356,40.4885714761325],[-74.2974463720087,40.4887417275208],[-74.2975517970793,40.4887917622677],[-74.2976520629462,40.488839348071],[-74.2977380209953,40.4889023897286],[-74.2977977133383,40.4889597032799],[-74.2978306865314,40.4889897970696]]}},{"type":"Feature","id":16360,"properties":{"OBJECTID":16360,"PRIMENAME":"Main Street","ELEVTYP_F":1,"ELEVTYP_T":0},"geometry":{"type":"LineString","coordinates":[[-74.298927802584,40.4764189209686],[-74.2985291665851,40.4763615399536],[-74.2978217411438,40.4762666404845],[-74.2973664081738,40.4761996572761]]}},{"type":"Feature","id":16687,"properties":{"OBJECTID":16687,"PRIMENAME":"Highland Street","ELEVTYP_F":0,"ELEVTYP_T":0},"geometry":{"type":"LineString","coordinates":[[-74.2878363728154,40.4738371091223],[-74.28728581466,40.473414717941],[-74.2869545453838,40.4731831867511],[-74.2865866632967,40.4723448820984],[-74.2863729473888,40.4718627977488]]}},{"type":"Feature","id":17408,"properties":{"OBJECTID":17408,"PRIMENAME":"Pupek Road","ELEVTYP_F":0,"ELEVTYP_T":0},"geometry":{"type":"LineString","coordinates":[[-74.290745019541,40.4870427393173],[-74.2909950130157,40.48672763771],[-74.2912378969554,40.4864084338269]]}},{"type":"Feature","id":17964,"properties":{"OBJECTID":17964,"PRIMENAME":"Osprey Drive","ELEVTYP_F":0,"ELEVTYP_T":0},"geometry":{"type":"LineString","coordinates":[[-74.2725482340923,40.4814936849429],[-74.2713085414217,40.4820628187583],[-74.2708367836826,40.4822793937189]]}},{"type":"Feature","id":18329,"properties":{"OBJECTID":18329,"PRIMENAME":"South Feltus Street","ELEVTYP_F":0,"ELEVTYP_T":0},"geometry":{"type":"LineString","coordinates":[[-74.2844764679101,40.4752646248208],[-74.2849593618464,40.4758922949633]]}},{"type":"Feature","id":18451,"properties":{"OBJECTID":18451,"PRIMENAME":"4th Street","ELEVTYP_F":0,"ELEVTYP_T":0},"geometry":{"type":"LineString","coordinates":[[-74.2874158878116,40.483837729488],[-74.2873276909425,40.4839562185109],[-74.2873084739432,40.4839820358372],[-74.2870196477977,40.4843191830288]]}},{"type":"Feature","id":18455,"properties":{"OBJECTID":18455,"PRIMENAME":"State Highway 35","ELEVTYP_F":0,"ELEVTYP_T":0},"geometry":{"type":"LineString","coordinates":[[-74.2978793681192,40.4969137857196],[-74.2979304863042,40.4968208128342]]}},{"type":"Feature","id":19054,"properties":{"OBJECTID":19054,"PRIMENAME":"Scott Avenue","ELEVTYP_F":0,"ELEVTYP_T":0},"geometry":{"type":"LineString","coordinates":[[-74.2962847248362,40.4881546706911],[-74.2962154456166,40.4883192293089],[-74.2960928093004,40.4885791140205],[-74.2959417961095,40.4889010165108],[-74.295787660366,40.4892205256901]]}},{"type":"Feature","id":19093,"properties":{"OBJECTID":19093,"PRIMENAME":"Charles Street","ELEVTYP_F":0,"ELEVTYP_T":0},"geometry":{"type":"LineString","coordinates":[[-74.2919355415605,40.4751122666926],[-74.2917825561312,40.4753029276305],[-74.2917175828189,40.4753839019428]]}},{"type":"Feature","id":19265,"properties":{"OBJECTID":19265,"PRIMENAME":"Lincoln Street","ELEVTYP_F":0,"ELEVTYP_T":0},"geometry":{"type":"LineString","coordinates":[[-74.2728041993491,40.4702650006575],[-74.2729412140927,40.4701963352354],[-74.2736479493132,40.4698421467996]]}},{"type":"Feature","id":19614,"properties":{"OBJECTID":19614,"PRIMENAME":"Macedulski Terrace","ELEVTYP_F":0,"ELEVTYP_T":0},"geometry":{"type":"LineString","coordinates":[[-74.2895803344318,40.484773993684],[-74.2894516797365,40.4849520010618],[-74.288781002469,40.4854158851843],[-74.2887450512528,40.4854459680315],[-74.2887117663468,40.4854777894187],[-74.288681291595,40.48551121183],[-74.288653758698,40.4855460908309],[-74.288629286644,40.4855822756917],[-74.2886079811941,40.4856196100393],[-74.2885899344252,40.4856579325329],[-74.2885752243326,40.4856970775609],[-74.2885475634431,40.4858159186656],[-74.2885307106348,40.4859618741892],[-74.2885226924301,40.4859939696027],[-74.2885122627115,40.4860256584087],[-74.2884994562114,40.4860568350693],[-74.2884843155779,40.4860873957521],[-74.2884668912332,40.486117238676],[-74.2884472412054,40.4861462644503],[-74.2884254309355,40.4861743764057],[-74.2884015330592,40.4862014809161],[-74.2882177903206,40.4864368139836],[-74.2880175869,40.4866930076467]]}},{"type":"Feature","id":19622,"properties":{"OBJECTID":19622,"PRIMENAME":"South Pine Avenue","ELEVTYP_F":0,"ELEVTYP_T":0},"geometry":{"type":"LineString","coordinates":[[-74.2864650712077,40.4811916951282],[-74.2864454158248,40.4811665446336],[-74.2862095641502,40.4808647438579],[-74.2859811513676,40.4805651007709]]}},{"type":"Feature","id":19867,"properties":{"OBJECTID":19867,"PRIMENAME":"4th Street","ELEVTYP_F":0,"ELEVTYP_T":0},"geometry":{"type":"LineString","coordinates":[[-74.2863433235309,40.4852453242779],[-74.2862509436835,40.4853642100001],[-74.2857683738839,40.4860004623877],[-74.2854422498591,40.48638056322],[-74.284974125942,40.486926156938]]}},{"type":"Feature","id":20338,"properties":{"OBJECTID":20338,"PRIMENAME":"Stevens Avenue","ELEVTYP_F":0,"ELEVTYP_T":0},"geometry":{"type":"LineString","coordinates":[[-74.2786497547262,40.4761462235295],[-74.2782474003116,40.4756460728332]]}},{"type":"Feature","id":20968,"properties":{"OBJECTID":20968,"PRIMENAME":"Pupek Road","ELEVTYP_F":0,"ELEVTYP_T":0},"geometry":{"type":"LineString","coordinates":[[-74.2866603479775,40.4883479399721],[-74.286788631394,40.4883259409671],[-74.287485570251,40.4882125055179],[-74.2888712882674,40.4879835203281],[-74.2897078943253,40.4877577212672],[-74.2897784719511,40.4877346529555]]}},{"type":"Feature","id":22465,"properties":{"OBJECTID":22465,"PRIMENAME":"Stevens Avenue North","ELEVTYP_F":0,"ELEVTYP_T":0},"geometry":{"type":"LineString","coordinates":[[-74.290518791906,40.4851711071069],[-74.291007434599,40.485377382966]]}},{"type":"Feature","id":22678,"properties":{"OBJECTID":22678,"PRIMENAME":"Garden State Parkway","ELEVTYP_F":1,"ELEVTYP_T":1},"geometry":{"type":"LineString","coordinates":[[-74.2960955378865,40.4711732634459],[-74.2959977038058,40.4710750620284],[-74.2955496801061,40.4706488830758],[-74.2951203249416,40.4702442300246],[-74.2948868939998,40.4700329618764],[-74.2944621902902,40.4696497263147],[-74.2940887978405,40.4693202206641],[-74.2938131911196,40.4690807095892]]}},{"type":"Feature","id":23124,"properties":{"OBJECTID":23124,"PRIMENAME":"Charmello Drive","ELEVTYP_F":0,"ELEVTYP_T":0},"geometry":{"type":"LineString","coordinates":[[-74.2866531706719,40.4877077613112],[-74.28643056453,40.4875306189661],[-74.2864076604492,40.4875172294169],[-74.2863819082548,40.4875073049337],[-74.2863541963809,40.4875011879043],[-74.2863254808684,40.487499089362],[-74.2862967523823,40.4875010817051],[-74.2862690020352,40.4875070961991],[-74.2862431871953,40.4875169253481],[-74.2862201984579,40.4875302300531],[-74.2861054069171,40.4876084799211],[-74.2855549714532,40.4879837011837],[-74.285525794748,40.4880173964151],[-74.2855012572622,40.4880531823556],[-74.2854816134199,40.4880906879592],[-74.2854670669068,40.4881295243485],[-74.2854449431414,40.4882233400403],[-74.2854509167828,40.4883911057182]]}},{"type":"Feature","id":23250,"properties":{"OBJECTID":23250,"PRIMENAME":"Stevens Avenue North","ELEVTYP_F":0,"ELEVTYP_T":0},"geometry":{"type":"LineString","coordinates":[[-74.284175575584,40.4830256967489],[-74.2843605608616,40.4831108943293],[-74.2849286976207,40.4833726035037],[-74.2850551394355,40.4834292787265]]}},{"type":"Feature","id":23938,"properties":{"OBJECTID":23938,"PRIMENAME":"South Broadway Street","ELEVTYP_F":0,"ELEVTYP_T":0},"geometry":{"type":"LineString","coordinates":[[-74.2760644228669,40.4780698913063],[-74.2760645344389,40.4780700338228],[-74.276112466207,40.4781339816574],[-74.2763196420286,40.478405873608],[-74.2765936270354,40.4787697230035],[-74.2767907267466,40.4790175404662],[-74.2768595426829,40.4791040612789],[-74.2768830361416,40.4791336015037],[-74.2769853874967,40.479285001114],[-74.2771063494248,40.4794511537844]]}},{"type":"Feature","id":24310,"properties":{"OBJECTID":24310,"PRIMENAME":"Portia Street","ELEVTYP_F":0,"ELEVTYP_T":0},"geometry":{"type":"LineString","coordinates":[[-74.2850132569423,40.4732744364493],[-74.2842440804765,40.4736207033935]]}},{"type":"Feature","id":24376,"properties":{"OBJECTID":24376,"PRIMENAME":"Hillcrest Avenue","ELEVTYP_F":0,"ELEVTYP_T":0},"geometry":{"type":"LineString","coordinates":[[-74.2877210227727,40.4713551866124],[-74.2877993070293,40.4713261686759]]}},{"type":"Feature","id":24779,"properties":{"OBJECTID":24779,"PRIMENAME":"Lighthouse Drive","ELEVTYP_F":0,"ELEVTYP_T":0},"geometry":{"type":"LineString","coordinates":[[-74.2703411139413,40.4816495261577],[-74.2702091134661,40.481435500163],[-74.2698867874725,40.4810160866565],[-74.2696836564366,40.4807517666034]]}},{"type":"Feature","id":24998,"properties":{"OBJECTID":24998,"PRIMENAME":"Charles Street","ELEVTYP_F":0,"ELEVTYP_T":0},"geometry":{"type":"LineString","coordinates":[[-74.2906177347733,40.4767935365909],[-74.2912926767684,40.4759305873458],[-74.2914385577416,40.4757316356236]]}},{"type":"Feature","id":25042,"properties":{"OBJECTID":25042,"PRIMENAME":"Weber Terrace","ELEVTYP_F":0,"ELEVTYP_T":0},"geometry":{"type":"LineString","coordinates":[[-74.2912837852465,40.4850004259539],[-74.2913380075904,40.4850218535596],[-74.2919242917486,40.4852536393054],[-74.2919577009945,40.4852667577309],[-74.2921772011684,40.4853529469625]]}},{"type":"Feature","id":25117,"properties":{"OBJECTID":25117,"PRIMENAME":"State Highway 35","ELEVTYP_F":0,"ELEVTYP_T":0},"geometry":{"type":"LineString","coordinates":[[-74.294220892463,40.5048618136931],[-74.2969180307631,40.5016060251459],[-74.2969863600579,40.5015101294952],[-74.2970522624346,40.5014132491751],[-74.2971157135618,40.5013154199698],[-74.2971766900134,40.5012166780139],[-74.2972351692782,40.5011170597787],[-74.2972911297673,40.5010166020593],[-74.2973445508225,40.5009153419605],[-74.2973954127239,40.5008133168834],[-74.297443696697,40.5007105645115],[-74.2974893849197,40.5006071227967],[-74.2975324605291,40.5005030299453],[-74.2975729076272,40.5003983244041],[-74.2976107112873,40.5002930448458],[-74.2976458575591,40.5001872301551],[-74.2976783334741,40.5000809194141],[-74.2977081270502,40.4999741518879],[-74.2977352272961,40.4998669670102],[-74.2977596242156,40.4997594043685],[-74.2977813088108,40.49965150369],[-74.297800273086,40.499543304826],[-74.29781651005,40.4994348477384],[-74.2978300137193,40.4993261724836],[-74.2978407791197,40.499217319199],[-74.2978488022885,40.4991083280871],[-74.2978540802759,40.4989992394014],[-74.2978566111459,40.498890093431],[-74.2978563939772,40.4987809304863],[-74.2978534288634,40.4986717908834],[-74.2978477169128,40.4985627149298],[-74.2978392602484,40.4984537429093],[-74.2978280620066,40.4983449150671],[-74.2978141263364,40.4982362715949],[-74.2977482706948,40.4973940532639]]}},{"type":"Feature","id":25280,"properties":{"OBJECTID":25280,"PRIMENAME":"Bayview Avenue","ELEVTYP_F":0,"ELEVTYP_T":0},"geometry":{"type":"LineString","coordinates":[[-74.2766600749789,40.4709479018883],[-74.2762996331384,40.4711163613452]]}},{"type":"Feature","id":25479,"properties":{"OBJECTID":25479,"PRIMENAME":"Raritan Street","ELEVTYP_F":0,"ELEVTYP_T":0},"geometry":{"type":"LineString","coordinates":[[-74.2969495816994,40.4825507391605],[-74.2968396798569,40.4827769644977],[-74.2967705097987,40.4829436096662]]}},{"type":"Feature","id":25930,"properties":{"OBJECTID":25930,"PRIMENAME":"South Shore Drive","ELEVTYP_F":0,"ELEVTYP_T":0},"geometry":{"type":"LineString","coordinates":[[-74.2719620492538,40.4801356906352],[-74.2718478281956,40.4801122108559],[-74.2714615417036,40.4800328025404],[-74.2714030424046,40.4800300544446],[-74.271344637111,40.4800337907431],[-74.2712875520494,40.4800439329916],[-74.2712329857291,40.4800602682522],[-74.2710938268942,40.4801228011566],[-74.2705775845066,40.4803549229405],[-74.2701882429669,40.4805277655882],[-74.2696836564366,40.4807517666034]]}},{"type":"Feature","id":25941,"properties":{"OBJECTID":25941,"PRIMENAME":"Grove Street","ELEVTYP_F":0,"ELEVTYP_T":0},"geometry":{"type":"LineString","coordinates":[[-74.276130491894,40.47029902412],[-74.2779160194424,40.4694361839137]]}},{"type":"Feature","id":26067,"properties":{"OBJECTID":26067,"PRIMENAME":"Henry Street","ELEVTYP_F":0,"ELEVTYP_T":0},"geometry":{"type":"LineString","coordinates":[[-74.2825681540823,40.4812836393272],[-74.2816131762006,40.4817109864588],[-74.2795447470086,40.4826428498031]]}},{"type":"Feature","id":26872,"properties":{"OBJECTID":26872,"PRIMENAME":"FR RARITAN ST to US 9 SB","ELEVTYP_F":0,"ELEVTYP_T":0},"geometry":{"type":"LineString","coordinates":[[-74.2970335759468,40.4834755620567],[-74.2970266236496,40.4834753079488],[-74.2970196962495,40.483474792157],[-74.2970128106304,40.4834740159384],[-74.2970059835745,40.4834729811848],[-74.2969992317212,40.4834716904183],[-74.2969925715266,40.4834701467848],[-74.2969860192236,40.4834683540466],[-74.2969795907819,40.483466316573],[-74.2969733018693,40.48346403933],[-74.2969671678138,40.4834615278678],[-74.2969612035656,40.4834587883076],[-74.2969554236613,40.4834558273265],[-74.2969498421881,40.483452652141],[-74.2969444727496,40.4834492704902],[-74.2969393284324,40.4834456906159],[-74.2969344217748,40.4834419212435],[-74.2969217123546,40.4834340216845],[-74.2969092627852,40.4834258844511],[-74.296897080688,40.4834175145247],[-74.2968851735208,40.4834089170294],[-74.296873548573,40.4834000972285],[-74.2968622129612,40.4833910605215],[-74.2968511736247,40.4833818124405],[-74.2968404373218,40.4833723586472]]}},{"type":"Feature","id":27428,"properties":{"OBJECTID":27428,"PRIMENAME":"Bordentown Avenue","ELEVTYP_F":0,"ELEVTYP_T":0},"geometry":{"type":"LineString","coordinates":[[-74.2881200614146,40.4736093436843],[-74.2878958991081,40.4737918686852],[-74.2878363728154,40.4738371091223]]}},{"type":"Feature","id":27623,"properties":{"OBJECTID":27623,"PRIMENAME":"South Pine Avenue","ELEVTYP_F":0,"ELEVTYP_T":0},"geometry":{"type":"LineString","coordinates":[[-74.2784634838138,40.4701048253094],[-74.2787225997004,40.4704255156296]]}},{"type":"Feature","id":27747,"properties":{"OBJECTID":27747,"PRIMENAME":"Bordentown Avenue","ELEVTYP_F":0,"ELEVTYP_T":0},"geometry":{"type":"LineString","coordinates":[[-74.2891379821318,40.4727836176481],[-74.288949439176,40.4729495011089]]}},{"type":"Feature","id":29547,"properties":{"OBJECTID":29547,"PRIMENAME":"George Street","ELEVTYP_F":0,"ELEVTYP_T":0},"geometry":{"type":"LineString","coordinates":[[-74.2778593950535,40.4816784683462],[-74.2778143536962,40.4816985577711],[-74.2755873960343,40.482693199641],[-74.2754874905404,40.4827378175512],[-74.2754792098934,40.4827415075737]]}},{"type":"Feature","id":29820,"properties":{"OBJECTID":29820,"PRIMENAME":"Kathleen Place","ELEVTYP_F":0,"ELEVTYP_T":0},"geometry":{"type":"LineString","coordinates":[[-74.2961331948813,40.4872574026544],[-74.2966452487536,40.4861381799202]]}},{"type":"Feature","id":29852,"properties":{"OBJECTID":29852,"PRIMENAME":"Augusta Street","ELEVTYP_F":0,"ELEVTYP_T":0},"geometry":{"type":"LineString","coordinates":[[-74.2835122161418,40.4825156998509],[-74.2830480696045,40.4827211539487],[-74.2823346970847,40.4830513161735],[-74.2816631924408,40.4833506694405]]}},{"type":"Feature","id":30829,"properties":{"OBJECTID":30829,"PRIMENAME":"Stevens Avenue South","ELEVTYP_F":0,"ELEVTYP_T":0},"geometry":{"type":"LineString","coordinates":[[-74.2808960512835,40.4791270582625],[-74.2815810286072,40.4800050969174]]}},{"type":"Feature","id":31229,"properties":{"OBJECTID":31229,"PRIMENAME":"Dayton Street","ELEVTYP_F":0,"ELEVTYP_T":0},"geometry":{"type":"LineString","coordinates":[[-74.2887399444092,40.4731213757182],[-74.2891414719232,40.4734294281754],[-74.2896294275651,40.4737925104601],[-74.2897861963248,40.4739060055224],[-74.2905262157583,40.4742469235902]]}},{"type":"Feature","id":31404,"properties":{"OBJECTID":31404,"PRIMENAME":"South Feltus Street","ELEVTYP_F":0,"ELEVTYP_T":0},"geometry":{"type":"LineString","coordinates":[[-74.2815986605817,40.4715236898572],[-74.281790678306,40.4717733340019]]}},{"type":"Feature","id":31405,"properties":{"OBJECTID":31405,"PRIMENAME":"Bordentown Avenue","ELEVTYP_F":0,"ELEVTYP_T":0},"geometry":{"type":"LineString","coordinates":[[-74.2905417018155,40.4716462589727],[-74.2902820987583,40.4718557092864]]}},{"type":"Feature","id":32228,"properties":{"OBJECTID":32228,"PRIMENAME":"Kathleen Place","ELEVTYP_F":0,"ELEVTYP_T":0},"geometry":{"type":"LineString","coordinates":[[-74.295830290866,40.4879195718354],[-74.2961331948813,40.4872574026544]]}},{"type":"Feature","id":32880,"properties":{"OBJECTID":32880,"PRIMENAME":"Portia Street","ELEVTYP_F":0,"ELEVTYP_T":0},"geometry":{"type":"LineString","coordinates":[[-74.2854730515001,40.4730700368515],[-74.2852604194361,40.4731631964075],[-74.2850132569423,40.4732744364493]]}},{"type":"Feature","id":32989,"properties":{"OBJECTID":32989,"PRIMENAME":"Stevens Avenue North","ELEVTYP_F":0,"ELEVTYP_T":0},"geometry":{"type":"LineString","coordinates":[[-74.291007434599,40.485377382966],[-74.291282151096,40.4854933396887],[-74.2917720703083,40.4857063954805]]}},{"type":"Feature","id":34005,"properties":{"OBJECTID":34005,"PRIMENAME":"Robert Street","ELEVTYP_F":0,"ELEVTYP_T":0},"geometry":{"type":"LineString","coordinates":[[-74.2905638906151,40.4755305922565],[-74.2899822768457,40.4762740737911]]}},{"type":"Feature","id":34036,"properties":{"OBJECTID":34036,"PRIMENAME":"David Street","ELEVTYP_F":0,"ELEVTYP_T":0},"geometry":{"type":"LineString","coordinates":[[-74.276949888083,40.4846390484968],[-74.2781251983457,40.4841078753827],[-74.2792816942882,40.4835745684599]]}},{"type":"Feature","id":34172,"properties":{"OBJECTID":34172,"PRIMENAME":"Orchard Street","ELEVTYP_F":0,"ELEVTYP_T":0},"geometry":{"type":"LineString","coordinates":[[-74.2909913950112,40.47367079175],[-74.2917730542804,40.4740432903644]]}},{"type":"Feature","id":34500,"properties":{"OBJECTID":34500,"PRIMENAME":"Jerome Avenue","ELEVTYP_F":0,"ELEVTYP_T":0},"geometry":{"type":"LineString","coordinates":[[-74.2766904348074,40.4810540848812],[-74.2763427358262,40.4805509695955],[-74.2760995939209,40.4802293453518]]}},{"type":"Feature","id":35229,"properties":{"OBJECTID":35229,"PRIMENAME":"Center Street","ELEVTYP_F":0,"ELEVTYP_T":0},"geometry":{"type":"LineString","coordinates":[[-74.2906674092883,40.4815989379184],[-74.2908973404645,40.4814862543027],[-74.2914195624726,40.4812306648866]]}},{"type":"Feature","id":35353,"properties":{"OBJECTID":35353,"PRIMENAME":"North Pine Avenue","ELEVTYP_F":0,"ELEVTYP_T":0},"geometry":{"type":"LineString","coordinates":[[-74.2845363337445,40.4786790046653],[-74.2842956012957,40.4783646125067],[-74.2841742569532,40.4782061373074],[-74.2840457847056,40.478045828477]]}},{"type":"Feature","id":35732,"properties":{"OBJECTID":35732,"PRIMENAME":"Woodland Avenue","ELEVTYP_F":0,"ELEVTYP_T":0},"geometry":{"type":"LineString","coordinates":[[-74.276130491894,40.47029902412],[-74.2766600749789,40.4709479018883]]}},{"type":"Feature","id":36210,"properties":{"OBJECTID":36210,"PRIMENAME":"Augusta Street","ELEVTYP_F":0,"ELEVTYP_T":0},"geometry":{"type":"LineString","coordinates":[[-74.2864650712077,40.4811916951282],[-74.2857280829315,40.48151925446],[-74.2849162749158,40.4818803517698],[-74.2843286409614,40.4821434207855],[-74.2838055283447,40.4823858821175],[-74.2835122161418,40.4825156998509]]}},{"type":"Feature","id":36399,"properties":{"OBJECTID":36399,"PRIMENAME":"John T Oleary Boulevard","ELEVTYP_F":0,"ELEVTYP_T":0},"geometry":{"type":"LineString","coordinates":[[-74.2744820434245,40.4787591936039],[-74.2755057080511,40.4783132774903],[-74.2760644228669,40.4780698913063]]}},{"type":"Feature","id":36570,"properties":{"OBJECTID":36570,"PRIMENAME":"Henry Street","ELEVTYP_F":0,"ELEVTYP_T":0},"geometry":{"type":"LineString","coordinates":[[-74.2764686386073,40.4840178822266],[-74.2757965970907,40.4843384759585]]}},{"type":"Feature","id":36957,"properties":{"OBJECTID":36957,"PRIMENAME":"Feltus Street North","ELEVTYP_F":0,"ELEVTYP_T":0},"geometry":{"type":"LineString","coordinates":[[-74.2902571103265,40.4824970069465],[-74.2905204515327,40.4828216847898]]}},{"type":"Feature","id":37164,"properties":{"OBJECTID":37164,"PRIMENAME":"Barkalow Street","ELEVTYP_F":0,"ELEVTYP_T":0},"geometry":{"type":"LineString","coordinates":[[-74.2890379972321,40.4870911622718],[-74.2889777557038,40.4871431827462],[-74.2888737259833,40.4872055813613],[-74.2887779806862,40.4872513053899],[-74.288690424223,40.4872886711246],[-74.2885947441447,40.4873135319541],[-74.2883542078091,40.4873610216293],[-74.2878704389158,40.4874435865055],[-74.2868591643648,40.4876127481242],[-74.2868011016915,40.487627158177],[-74.2867465873387,40.4876481466278],[-74.2866968911325,40.4876752245849],[-74.2866531706719,40.4877077613112]]}},{"type":"Feature","id":37246,"properties":{"OBJECTID":37246,"PRIMENAME":"Raritan Street","ELEVTYP_F":0,"ELEVTYP_T":0},"geometry":{"type":"LineString","coordinates":[[-74.2967065378062,40.4830792722202],[-74.2966511779936,40.4831966940404]]}},{"type":"Feature","id":37980,"properties":{"OBJECTID":37980,"PRIMENAME":"Terrace Place","ELEVTYP_F":0,"ELEVTYP_T":0},"geometry":{"type":"LineString","coordinates":[[-74.2907865882387,40.4735722817074],[-74.2914715893879,40.4730136206772]]}},{"type":"Feature","id":38253,"properties":{"OBJECTID":38253,"PRIMENAME":"Conlogue Avenue","ELEVTYP_F":0,"ELEVTYP_T":0},"geometry":{"type":"LineString","coordinates":[[-74.2897989424892,40.4751556725224],[-74.2899045454233,40.475228555672],[-74.2902536292912,40.4754601106673],[-74.2905638906151,40.4755305922565]]}},{"type":"Feature","id":38490,"properties":{"OBJECTID":38490,"PRIMENAME":"South Pine Avenue","ELEVTYP_F":0,"ELEVTYP_T":0},"geometry":{"type":"LineString","coordinates":[[-74.2794776467395,40.4713632170021],[-74.2795760622746,40.4714848220929],[-74.2797647521088,40.4717234322701],[-74.2799407521722,40.4719513400385]]}},{"type":"Feature","id":38983,"properties":{"OBJECTID":38983,"PRIMENAME":"Mason Street","ELEVTYP_F":0,"ELEVTYP_T":0},"geometry":{"type":"LineString","coordinates":[[-74.2788336484677,40.4829759866539],[-74.2784900536597,40.4825182633612],[-74.278395487277,40.482391173784],[-74.2783633995237,40.4823095814842]]}},{"type":"Feature","id":39053,"properties":{"OBJECTID":39053,"PRIMENAME":"FR GSP NB TO GSP EXPRESS NB","ELEVTYP_F":1,"ELEVTYP_T":1},"geometry":{"type":"LineString","coordinates":[[-74.2955618171043,40.471814876493],[-74.2956543424559,40.4719091439122]]}},{"type":"Feature","id":39197,"properties":{"OBJECTID":39197,"PRIMENAME":"FR CO 615 to RT 35 SB","ELEVTYP_F":0,"ELEVTYP_T":0},"geometry":{"type":"LineString","coordinates":[[-74.2872874130126,40.4742185251852],[-74.2871913777865,40.4741475467829],[-74.2871365006061,40.4741069874026],[-74.2870491708427,40.4740318018343],[-74.2869643044549,40.4739508008349],[-74.2868845433138,40.4738699190627],[-74.2868037150701,40.4737853021334],[-74.2867160087018,40.4736933430856],[-74.2866370460555,40.4736100191895],[-74.2865554002723,40.4735223258054],[-74.2864716456886,40.4734313897824],[-74.2863949514566,40.4733469720337],[-74.2863173270369,40.4732613997002],[-74.2862377349951,40.473172693967],[-74.286156139058,40.4730815140278],[-74.2858847773458,40.4728674124989]]}},{"type":"Feature","id":39208,"properties":{"OBJECTID":39208,"PRIMENAME":"Raritan Street","ELEVTYP_F":0,"ELEVTYP_T":0},"geometry":{"type":"LineString","coordinates":[[-74.2982316715618,40.4793117992023],[-74.2982445077078,40.4794909965229],[-74.2982398250439,40.4795292932309],[-74.2982267817538,40.4796359641156],[-74.2981889704196,40.4797897084407],[-74.2981233502319,40.4800093963612],[-74.2981220789258,40.4800136766569],[-74.298081519633,40.4801124855499],[-74.2980003630271,40.4803100762024],[-74.2979903733199,40.4803315947103],[-74.2978902906348,40.4805472009082],[-74.2978441396926,40.4806402079519]]}},{"type":"Feature","id":39486,"properties":{"OBJECTID":39486,"PRIMENAME":"Lee Avenue","ELEVTYP_F":0,"ELEVTYP_T":0},"geometry":{"type":"LineString","coordinates":[[-74.2937388130185,40.4741236517097],[-74.2932662277191,40.4739098936608],[-74.2923065517381,40.4734682651533]]}},{"type":"Feature","id":39676,"properties":{"OBJECTID":39676,"PRIMENAME":"Bordentown Avenue","ELEVTYP_F":0,"ELEVTYP_T":0},"geometry":{"type":"LineString","coordinates":[[-74.288949439176,40.4729495011089],[-74.2888593963909,40.4730286988499],[-74.2887399444092,40.4731213757182]]}},{"type":"Feature","id":40160,"properties":{"OBJECTID":40160,"PRIMENAME":"Washington Road","ELEVTYP_F":0,"ELEVTYP_T":0},"geometry":{"type":"LineString","coordinates":[[-74.2981120676985,40.4739467066667],[-74.2978675436128,40.4741296675659],[-74.2978552625249,40.474138857786],[-74.2977201537009,40.474241564028],[-74.2976562448174,40.4742998961888]]}},{"type":"Feature","id":41741,"properties":{"OBJECTID":41741,"PRIMENAME":"Charles Street","ELEVTYP_F":0,"ELEVTYP_T":0},"geometry":{"type":"LineString","coordinates":[[-74.2942009616733,40.4735535961117],[-74.2927743865861,40.4728866675628]]}},{"type":"Feature","id":41819,"properties":{"OBJECTID":41819,"PRIMENAME":"Raritan Street","ELEVTYP_F":0,"ELEVTYP_T":0},"geometry":{"type":"LineString","coordinates":[[-74.2978441396926,40.4806402079519],[-74.2977108181523,40.4809093552846],[-74.2975689003793,40.4812276800316],[-74.2975515587544,40.4812637020423]]}},{"type":"Feature","id":42254,"properties":{"OBJECTID":42254,"PRIMENAME":"Mamie Court","ELEVTYP_F":0,"ELEVTYP_T":0},"geometry":{"type":"LineString","coordinates":[[-74.2947511843184,40.4824109991462],[-74.2949341170147,40.4824404323402],[-74.2950648139746,40.4824614615885]]}},{"type":"Feature","id":42306,"properties":{"OBJECTID":42306,"PRIMENAME":"Bordentown Avenue","ELEVTYP_F":0,"ELEVTYP_T":0},"geometry":{"type":"LineString","coordinates":[[-74.2850895686763,40.4760602380413],[-74.2850920552249,40.4760582657712],[-74.2851755589295,40.4759915218441],[-74.2856197852267,40.4756468162508],[-74.2862391429358,40.4751546342405],[-74.2868555075585,40.4746625253015],[-74.2870579944176,40.4745045587639]]}},{"type":"Feature","id":42475,"properties":{"OBJECTID":42475,"PRIMENAME":"2nd Street","ELEVTYP_F":0,"ELEVTYP_T":0},"geometry":{"type":"LineString","coordinates":[[-74.2823749994003,40.4869027076576],[-74.2831725188606,40.4858877654575]]}},{"type":"Feature","id":42695,"properties":{"OBJECTID":42695,"PRIMENAME":"Wilmont Street","ELEVTYP_F":0,"ELEVTYP_T":0},"geometry":{"type":"LineString","coordinates":[[-74.2934848544661,40.486628155059],[-74.2935210849572,40.4857043996604]]}},{"type":"Feature","id":43925,"properties":{"OBJECTID":43925,"PRIMENAME":"Cedar Street","ELEVTYP_F":0,"ELEVTYP_T":0},"geometry":{"type":"LineString","coordinates":[[-74.2914195624726,40.4812306648866],[-74.2918344461702,40.4817271569442],[-74.2922283919047,40.4822090114621],[-74.2922787776784,40.4822706423416],[-74.2922905283271,40.4825735691547],[-74.2923054555562,40.482958374677],[-74.2922409641758,40.4833295936827],[-74.2921738988973,40.4836260581044],[-74.2921102347297,40.4837401682823],[-74.2916104821072,40.4843742186358],[-74.2915901052751,40.4844532692314],[-74.2915406501899,40.4846223631591],[-74.2914885366888,40.4847211488115],[-74.2912837852465,40.4850004259539]]}},{"type":"Feature","id":44018,"properties":{"OBJECTID":44018,"PRIMENAME":"FR CO 535 NB to US 9 NB","ELEVTYP_F":0,"ELEVTYP_T":0},"geometry":{"type":"LineString","coordinates":[[-74.2962326879909,40.4840801658937],[-74.2962403711709,40.4840758611259],[-74.2962482573522,40.4840717759875],[-74.2962563357717,40.484067916054],[-74.2962645954037,40.4840642865935],[-74.2962730249754,40.4840608925595],[-74.296281612982,40.4840577385843],[-74.2962903477024,40.4840548289724],[-74.2962992172153,40.4840521676949],[-74.2963082094156,40.484049758384],[-74.2963173120305,40.4840476043279],[-74.2963265126367,40.4840457084664],[-74.2963357986771,40.4840440733872],[-74.2963451574779,40.4840427013217],[-74.2963545762663,40.4840415941426],[-74.2963640421872,40.484040753361],[-74.2963735423215,40.4840401801243]]}},{"type":"Feature","id":45532,"properties":{"OBJECTID":45532,"PRIMENAME":"Raritan Street","ELEVTYP_F":0,"ELEVTYP_T":0},"geometry":{"type":"LineString","coordinates":[[-74.2975515587544,40.4812637020423],[-74.2973760834853,40.4816281666746]]}},{"type":"Feature","id":45541,"properties":{"OBJECTID":45541,"PRIMENAME":"4th Street","ELEVTYP_F":0,"ELEVTYP_T":0},"geometry":{"type":"LineString","coordinates":[[-74.2879823206539,40.4830924219856],[-74.287733248059,40.4834115808238],[-74.2874158878116,40.483837729488]]}},{"type":"Feature","id":46935,"properties":{"OBJECTID":46935,"PRIMENAME":"Henry Street","ELEVTYP_F":0,"ELEVTYP_T":0},"geometry":{"type":"LineString","coordinates":[[-74.2855124346524,40.4799539604033],[-74.2843611181806,40.4804652138705],[-74.2825681540823,40.4812836393272]]}},{"type":"Feature","id":48139,"properties":{"OBJECTID":48139,"PRIMENAME":"FR CO 535 NB to US 9 NB","ELEVTYP_F":0,"ELEVTYP_T":0},"geometry":{"type":"LineString","coordinates":[[-74.2963735423215,40.4840401801243],[-74.2963842547293,40.4840398561676],[-74.2963949755148,40.4840398723642],[-74.2964056861598,40.4840402286862],[-74.2964163681638,40.4840409245182],[-74.2964270030757,40.4840419586581],[-74.2964375725256,40.4840433293198],[-74.2964480582571,40.4840450341356],[-74.2964584421579,40.4840470701608],[-74.2964687062919,40.4840494338786],[-74.2964788329296,40.4840521212062],[-74.2964888045794,40.4840551275016],[-74.296498604017,40.4840584475721],[-74.2965082143158,40.4840620756828],[-74.2965176188758,40.4840660055671],[-74.2965268014523,40.4840702304366],[-74.2965357461843,40.4840747429937],[-74.2965645984337,40.4840924173804],[-74.2965809985709,40.4841143244387]]}},{"type":"Feature","id":48779,"properties":{"OBJECTID":48779,"PRIMENAME":"Campbell Street","ELEVTYP_F":0,"ELEVTYP_T":0},"geometry":{"type":"LineString","coordinates":[[-74.2905546640676,40.4742116909589],[-74.290767058806,40.4739486344314],[-74.2909913950112,40.47367079175]]}},{"type":"Feature","id":50779,"properties":{"OBJECTID":50779,"PRIMENAME":"FR NJ 35 SB to CO 684","ELEVTYP_F":0,"ELEVTYP_T":0},"geometry":{"type":"LineString","coordinates":[[-74.2977973023731,40.4967477845372],[-74.2976830096641,40.4966851158009],[-74.2972817235172,40.4964798296274],[-74.2970798739517,40.4963632641835],[-74.2968783657335,40.4962084590602],[-74.2965950408758,40.4959552470826]]}},{"type":"Feature","id":54393,"properties":{"OBJECTID":54393,"PRIMENAME":"FR NJ 35 NB to US 9 NB","ELEVTYP_F":0,"ELEVTYP_T":0},"geometry":{"type":"LineString","coordinates":[[-74.2977387529249,40.4968403165596],[-74.2978793681192,40.4969137857196]]}},{"type":"Feature","id":55880,"properties":{"OBJECTID":55880,"PRIMENAME":"David Street","ELEVTYP_F":0,"ELEVTYP_T":0},"geometry":{"type":"LineString","coordinates":[[-74.289605641546,40.4789370526641],[-74.2898411503643,40.4788204832994]]}},{"type":"Feature","id":57235,"properties":{"OBJECTID":57235,"PRIMENAME":"Muth Street","ELEVTYP_F":0,"ELEVTYP_T":0},"geometry":{"type":"LineString","coordinates":[[-74.2802383435875,40.4697139015185],[-74.2787225997004,40.4704255156296]]}},{"type":"Feature","id":57729,"properties":{"OBJECTID":57729,"PRIMENAME":"North Broadway Street","ELEVTYP_F":0,"ELEVTYP_T":0},"geometry":{"type":"LineString","coordinates":[[-74.2800190624535,40.4832569625848],[-74.2804347621749,40.4837898149405],[-74.2804966235636,40.483870585077]]}},{"type":"Feature","id":58059,"properties":{"OBJECTID":58059,"PRIMENAME":"Main Street","ELEVTYP_F":0,"ELEVTYP_T":0},"geometry":{"type":"LineString","coordinates":[[-74.2878817056569,40.4814088094473],[-74.287944094829,40.4813243733067],[-74.2879499305683,40.4813169862053],[-74.2880690181405,40.4811662628626],[-74.2884049138581,40.4807509078073],[-74.2885924322488,40.4805329021014]]}},{"type":"Feature","id":62198,"properties":{"OBJECTID":62198,"PRIMENAME":"Raritan Street","ELEVTYP_F":0,"ELEVTYP_T":0},"geometry":{"type":"LineString","coordinates":[[-74.2973760834853,40.4816281666746],[-74.2973575203334,40.4816667244989],[-74.2971605411445,40.4821102123284],[-74.2971363366739,40.4821607575587],[-74.2970291395207,40.4823846326816]]}},{"type":"Feature","id":62258,"properties":{"OBJECTID":62258,"PRIMENAME":"FR RARITAN ST to US 9 SB","ELEVTYP_F":0,"ELEVTYP_T":0},"geometry":{"type":"LineString","coordinates":[[-74.2971570700436,40.4832077421291],[-74.2971857778218,40.4832929447323],[-74.2971937076043,40.4833341356241],[-74.2971935758291,40.4833779206055],[-74.2971916612809,40.4833873402805],[-74.2971886601023,40.4833965931727],[-74.2971845959487,40.4834056063493],[-74.2971795008539,40.483414308767],[-74.2971734149778,40.4834226318321],[-74.29716638629,40.4834305099407],[-74.2971584701915,40.4834378809963],[-74.2971497290779,40.4834446868991],[-74.2971369705348,40.4834515915677],[-74.297123526547,40.4834576910075],[-74.2971094840812,40.4834629457622],[-74.2970949339754,40.4834673218398],[-74.2970799703516,40.4834707909322],[-74.2970646900068,40.4834733305985],[-74.2970491917867,40.48347492441],[-74.2970335759468,40.4834755620567]]}},{"type":"Feature","id":64782,"properties":{"OBJECTID":64782,"PRIMENAME":"Ridgeway Avenue","ELEVTYP_F":0,"ELEVTYP_T":0},"geometry":{"type":"LineString","coordinates":[[-74.2962847248362,40.4881546706911],[-74.2966610400931,40.4883514732241],[-74.297087337356,40.4885714761325]]}},{"type":"Feature","id":65602,"properties":{"OBJECTID":65602,"PRIMENAME":"Ward Avenue","ELEVTYP_F":0,"ELEVTYP_T":0},"geometry":{"type":"LineString","coordinates":[[-74.2837938508902,40.4730375897233],[-74.2842440804765,40.4736207033935]]}},{"type":"Feature","id":68021,"properties":{"OBJECTID":68021,"PRIMENAME":"FR NJ 35 SB to US 9 NB","ELEVTYP_F":0,"ELEVTYP_T":0},"geometry":{"type":"LineString","coordinates":[[-74.2977482706948,40.4973940532639],[-74.297766556004,40.4973686255125],[-74.297786105555,40.4973437519384],[-74.2978068905694,40.4973194691554],[-74.2978288804506,40.4972958129078],[-74.2978430517931,40.4972821377221],[-74.2978585484049,40.4972693276914],[-74.2978819808142,40.4972531829997],[-74.2979075108912,40.4972390127754],[-74.2979348544708,40.4972269747409],[-74.2979637072033,40.497217202886],[-74.2979959547722,40.4972096478437],[-74.2980288210864,40.4972038513864],[-74.2980621418072,40.4971998424976],[-74.2980957503241,40.4971976412226],[-74.2981294785874,40.4971972585682],[-74.2981631579487,40.4971986964477],[-74.2981966200041,40.4972019476716],[-74.2982296974364,40.497206995983],[-74.2982645377032,40.4972143740216],[-74.2982985459019,40.4972237453177],[-74.2983315266656,40.4972350560361],[-74.2983632905296,40.4972482412003]]}},{"type":"Feature","id":68441,"properties":{"OBJECTID":68441,"PRIMENAME":"Alpine Street","ELEVTYP_F":0,"ELEVTYP_T":0},"geometry":{"type":"LineString","coordinates":[[-74.2933286308525,40.4846604646595],[-74.2939666596668,40.484831637982]]}},{"type":"Feature","id":68762,"properties":{"OBJECTID":68762,"PRIMENAME":"FR NJ 35 NB to US 9 NB","ELEVTYP_F":0,"ELEVTYP_T":0},"geometry":{"type":"LineString","coordinates":[[-74.2978793681192,40.4969137857196],[-74.2979298674863,40.4969401724703],[-74.2981457403432,40.4970634850295],[-74.2982751417372,40.4971613448398],[-74.2983632905296,40.4972482412003]]}},{"type":"Feature","id":69817,"properties":{"OBJECTID":69817,"PRIMENAME":"Lighthouse Drive","ELEVTYP_F":0,"ELEVTYP_T":0},"geometry":{"type":"LineString","coordinates":[[-74.2722105896644,40.48338527033],[-74.2720259192441,40.4831367186354],[-74.2719444086076,40.4830329282294],[-74.2718606518736,40.4829554327332],[-74.2717854210759,40.4828977184152],[-74.2716500550669,40.4827938223486],[-74.2715867692277,40.4827546341163]]}},{"type":"Feature","id":70493,"properties":{"OBJECTID":70493,"PRIMENAME":"FR RARITAN ST to US 9 SB","ELEVTYP_F":0,"ELEVTYP_T":0},"geometry":{"type":"LineString","coordinates":[[-74.2967705097987,40.4829436096662],[-74.2967836598924,40.4829417315183],[-74.2967968931793,40.4829402322756],[-74.2968101909404,40.4829391140588],[-74.2968235343657,40.4829383784495],[-74.2968369045805,40.4829380264884],[-74.2968502826722,40.4829380586733],[-74.2968636497169,40.4829384749587],[-74.2968769868067,40.4829392747557]]}},{"type":"Feature","id":71114,"properties":{"OBJECTID":71114,"PRIMENAME":"FR CO RARITAN ST NB to RAMP B113050","ELEVTYP_F":0,"ELEVTYP_T":0},"geometry":{"type":"LineString","coordinates":[[-74.2965359639624,40.483719788323],[-74.2965697392798,40.4840156906379]]}},{"type":"Feature","id":76745,"properties":{"OBJECTID":76745,"PRIMENAME":"FR US 9 SB to RARITAN ST","ELEVTYP_F":0,"ELEVTYP_T":0},"geometry":{"type":"LineString","coordinates":[[-74.2969680588658,40.4826947352475],[-74.2969635964413,40.4826769403266],[-74.2969597448819,40.4826590623993],[-74.2969565068205,40.4826411136896],[-74.2969538844708,40.4826231064699],[-74.2969518796251,40.4826050530524],[-74.2969504936539,40.4825869657812],[-74.2969497275042,40.4825688570233],[-74.2969495816994,40.4825507391605]]}},{"type":"Feature","id":76914,"properties":{"OBJECTID":76914,"PRIMENAME":"Orchard Street","ELEVTYP_F":0,"ELEVTYP_T":0},"geometry":{"type":"LineString","coordinates":[[-74.2893410436707,40.4726137155819],[-74.2896123906223,40.4728130682868],[-74.2900110570836,40.4731168840506],[-74.2902393140464,40.4732793444115],[-74.2903933237467,40.473378558584],[-74.2905529417079,40.4734546138697],[-74.2907483271779,40.4735538755143],[-74.2907865882387,40.4735722817074]]}},{"type":"Feature","id":78656,"properties":{"OBJECTID":78656,"PRIMENAME":"Raritan Street","ELEVTYP_F":0,"ELEVTYP_T":0},"geometry":{"type":"LineString","coordinates":[[-74.2970291395207,40.4823846326816],[-74.2969495816994,40.4825507391605]]}},{"type":"Feature","id":81691,"properties":{"OBJECTID":81691,"PRIMENAME":"Parker Avenue","ELEVTYP_F":0,"ELEVTYP_T":0},"geometry":{"type":"LineString","coordinates":[[-74.2850132569423,40.4732744364493],[-74.2844328250454,40.4725226686786]]}},{"type":"Feature","id":84923,"properties":{"OBJECTID":84923,"PRIMENAME":"FR RT 35 NB to RT 35 SB","ELEVTYP_F":0,"ELEVTYP_T":0},"geometry":{"type":"LineString","coordinates":[[-74.2825745272242,40.4690104566757],[-74.2826053545712,40.4691076455501],[-74.2826450401313,40.4692029416984],[-74.2826637526355,40.4692421871377],[-74.2826791682613,40.4692822599736],[-74.2826912249281,40.469322998843],[-74.2826998740804,40.4693642397007],[-74.2827066663368,40.4694060644884],[-74.2827250401339,40.4695317181975],[-74.2827404084997,40.4696576070509],[-74.2827555374987,40.4698386966593],[-74.2827738209239,40.4700196164515],[-74.2827774823373,40.470062866431],[-74.2827879578428,40.4701054619176],[-74.2828050940328,40.4701467790736],[-74.2828286399485,40.4701862127824],[-74.2828437447127,40.4702022416549],[-74.2828611910592,40.4702168179556],[-74.2828807415401,40.4702297432977],[-74.2829021300695,40.4702408417637],[-74.2829250655445,40.4702499623005],[-74.2829492358076,40.4702569807751],[-74.2829743118951,40.4702618016642],[-74.2829999525145,40.470264359354],[-74.2830382795048,40.470259980984],[-74.2830757915456,40.4702525501072],[-74.2831120730153,40.4702421490553],[-74.2831467219274,40.4702288930687],[-74.2833581300014,40.4701340877923],[-74.2834037874664,40.4701046017399],[-74.2834454604011,40.4700718544929]]}},{"type":"Feature","id":89369,"properties":{"OBJECTID":89369,"PRIMENAME":"FR NJ 35 NB to US 9 NB","ELEVTYP_F":0,"ELEVTYP_T":0},"geometry":{"type":"LineString","coordinates":[[-74.2968297629733,40.4963237220445],[-74.2971704224673,40.4965319277292],[-74.297256610993,40.4965846038002],[-74.2976842499989,40.4968118395556],[-74.2977387529249,40.4968403165596]]}},{"type":"Feature","id":95459,"properties":{"OBJECTID":95459,"PRIMENAME":"Lefferts Street","ELEVTYP_F":0,"ELEVTYP_T":0},"geometry":{"type":"LineString","coordinates":[[-74.2840457847056,40.478045828477],[-74.2859317506654,40.477171029817]]}},{"type":"Feature","id":98927,"properties":{"OBJECTID":98927,"PRIMENAME":"Reseau Avenue","ELEVTYP_F":0,"ELEVTYP_T":0},"geometry":{"type":"LineString","coordinates":[[-74.2932394398258,40.4722949885305],[-74.2933434508899,40.4723475518931],[-74.2935752643102,40.4724537646635],[-74.2939005867874,40.4726030491093],[-74.2946690052331,40.4729691641278]]}},{"type":"Feature","id":99516,"properties":{"OBJECTID":99516,"PRIMENAME":"FR CHEVALIER AVE TO NJ 35 NB","ELEVTYP_F":0,"ELEVTYP_T":0},"geometry":{"type":"LineString","coordinates":[[-74.2981294512757,40.4963290193295],[-74.2980872981476,40.4963792621891],[-74.2978902891107,40.4966252108972],[-74.2978347401182,40.496688620887],[-74.2977973023731,40.4967477845372]]}},{"type":"Feature","id":100096,"properties":{"OBJECTID":100096,"PRIMENAME":"Highland Street","ELEVTYP_F":0,"ELEVTYP_T":0},"geometry":{"type":"LineString","coordinates":[[-74.2863729473888,40.4718627977488],[-74.2861628375536,40.4713888172515],[-74.2858684610707,40.4707385519522],[-74.2857677388733,40.4705123868193]]}},{"type":"Feature","id":100563,"properties":{"OBJECTID":100563,"PRIMENAME":"South Broadway Street","ELEVTYP_F":0,"ELEVTYP_T":0},"geometry":{"type":"LineString","coordinates":[[-74.2780595040431,40.4807267836096],[-74.2784352219975,40.4811970058521],[-74.2785568605479,40.4813557154127]]}},{"type":"Feature","id":101592,"properties":{"OBJECTID":101592,"PRIMENAME":"Thomas Road","ELEVTYP_F":0,"ELEVTYP_T":0},"geometry":{"type":"LineString","coordinates":[[-74.291294963011,40.4746071326506],[-74.2911402033534,40.4748019153602]]}},{"type":"Feature","id":102308,"properties":{"OBJECTID":102308,"PRIMENAME":"Henry Street","ELEVTYP_F":0,"ELEVTYP_T":0},"geometry":{"type":"LineString","coordinates":[[-74.2788336484677,40.4829759866539],[-74.2764686386073,40.4840178822266]]}},{"type":"Feature","id":102647,"properties":{"OBJECTID":102647,"PRIMENAME":"Bordentown Avenue","ELEVTYP_F":0,"ELEVTYP_T":0},"geometry":{"type":"LineString","coordinates":[[-74.2780595040431,40.4807267836096],[-74.2777663034617,40.48085414359],[-74.2775412461409,40.4809593333988],[-74.277336787692,40.4810548923446]]}},{"type":"Feature","id":102969,"properties":{"OBJECTID":102969,"PRIMENAME":"Catherine Street","ELEVTYP_F":0,"ELEVTYP_T":0},"geometry":{"type":"LineString","coordinates":[[-74.2880081162142,40.4752031986253],[-74.2879832813869,40.4752101690205],[-74.2879324491643,40.4752225108362],[-74.287861336361,40.4752254821294],[-74.2878004396056,40.4752144996834],[-74.2876811164096,40.4751616285394]]}},{"type":"Feature","id":103389,"properties":{"OBJECTID":103389,"PRIMENAME":"North Pine Avenue","ELEVTYP_F":0,"ELEVTYP_T":0},"geometry":{"type":"LineString","coordinates":[[-74.2830642719548,40.4767721395222],[-74.2832579701507,40.4770263188662],[-74.2834541982583,40.4772882714894]]}},{"type":"Feature","id":104412,"properties":{"OBJECTID":104412,"PRIMENAME":"Lighthouse Drive","ELEVTYP_F":0,"ELEVTYP_T":0},"geometry":{"type":"LineString","coordinates":[[-74.2715867692277,40.4827546341163],[-74.2712050489883,40.482518236432],[-74.2708589360644,40.4822987634365],[-74.2708367836826,40.4822793937189]]}},{"type":"Feature","id":104422,"properties":{"OBJECTID":104422,"PRIMENAME":"Portia Street","ELEVTYP_F":0,"ELEVTYP_T":0},"geometry":{"type":"LineString","coordinates":[[-74.2834773092365,40.4739658159847],[-74.2817556199319,40.4747595202525]]}},{"type":"Feature","id":104503,"properties":{"OBJECTID":104503,"PRIMENAME":"Fouratt Avenue","ELEVTYP_F":0,"ELEVTYP_T":0},"geometry":{"type":"LineString","coordinates":[[-74.2942159402135,40.4906166574665],[-74.2942608146635,40.4906396044194],[-74.2943656004671,40.4906712500004],[-74.2950349695847,40.4908548261206]]}},{"type":"Feature","id":105080,"properties":{"OBJECTID":105080,"PRIMENAME":"Laurel Street","ELEVTYP_F":0,"ELEVTYP_T":0},"geometry":{"type":"LineString","coordinates":[[-74.2957528585723,40.491425739902],[-74.2959041570859,40.4910947788445]]}},{"type":"Feature","id":105560,"properties":{"OBJECTID":105560,"PRIMENAME":"Mason Street","ELEVTYP_F":0,"ELEVTYP_T":0},"geometry":{"type":"LineString","coordinates":[[-74.2792816942882,40.4835745684599],[-74.2790877945466,40.4833145354391],[-74.2788336484677,40.4829759866539]]}},{"type":"Feature","id":106970,"properties":{"OBJECTID":106970,"PRIMENAME":"Washington Avenue","ELEVTYP_F":0,"ELEVTYP_T":0},"geometry":{"type":"LineString","coordinates":[[-74.2903478887685,40.4799195416267],[-74.2901072075235,40.4800913628224],[-74.2898781819078,40.4802491214835],[-74.2896811300887,40.4804130865004]]}},{"type":"Feature","id":107385,"properties":{"OBJECTID":107385,"PRIMENAME":"Raritan Avenue","ELEVTYP_F":0,"ELEVTYP_T":0},"geometry":{"type":"LineString","coordinates":[[-74.2965893130043,40.47607130191],[-74.2965853706835,40.4762935419471],[-74.2965907446396,40.476418784685],[-74.2966132405284,40.4765880076294],[-74.2966416343029,40.4767088984664],[-74.2967389751201,40.476878252134],[-74.2968420385101,40.4770453930068],[-74.29699683142,40.4772368093929],[-74.2973579663281,40.4776922303032],[-74.2976254445015,40.4780340241589],[-74.2977801840308,40.4782317546224],[-74.2978452185631,40.4783148573597],[-74.2979312030411,40.4784248689205],[-74.2979969998244,40.478541432377],[-74.2980828754788,40.4786997572698],[-74.2981342152988,40.4788426767728],[-74.298182714156,40.4789855633693],[-74.2982109472752,40.4791613840893],[-74.298230671342,40.4792976322778],[-74.2982316715618,40.4793117992023]]}},{"type":"Feature","id":108148,"properties":{"OBJECTID":108148,"PRIMENAME":"John Street","ELEVTYP_F":0,"ELEVTYP_T":0},"geometry":{"type":"LineString","coordinates":[[-74.2850181300244,40.4793091696213],[-74.285658003365,40.4790250289302],[-74.2867950820597,40.4785146962072],[-74.2869245756405,40.4784565189453]]}},{"type":"Feature","id":108176,"properties":{"OBJECTID":108176,"PRIMENAME":"Oak Street","ELEVTYP_F":0,"ELEVTYP_T":0},"geometry":{"type":"LineString","coordinates":[[-74.2958723728494,40.4931591730478],[-74.2959603858204,40.4929726922385],[-74.2960370346611,40.492810282315],[-74.2963875957485,40.4920788565447],[-74.296734442124,40.4913245551192]]}},{"type":"Feature","id":108881,"properties":{"OBJECTID":108881,"PRIMENAME":"Ward Avenue","ELEVTYP_F":0,"ELEVTYP_T":0},"geometry":{"type":"LineString","coordinates":[[-74.2842440804765,40.4736207033935],[-74.284989482255,40.4745860205281],[-74.2856701235415,40.475484781811]]}},{"type":"Feature","id":109277,"properties":{"OBJECTID":109277,"PRIMENAME":"Ferris Street","ELEVTYP_F":0,"ELEVTYP_T":0},"geometry":{"type":"LineString","coordinates":[[-74.2825601590839,40.4761174377317],[-74.2844764679101,40.4752646248208]]}},{"type":"Feature","id":109566,"properties":{"OBJECTID":109566,"PRIMENAME":"Raritan Street","ELEVTYP_F":0,"ELEVTYP_T":0},"geometry":{"type":"LineString","coordinates":[[-74.2967705097987,40.4829436096662],[-74.2967065378062,40.4830792722202]]}},{"type":"Feature","id":109628,"properties":{"OBJECTID":109628,"PRIMENAME":"Harkins Street","ELEVTYP_F":0,"ELEVTYP_T":0},"geometry":{"type":"LineString","coordinates":[[-74.2923065517381,40.4734682651533],[-74.2919212677492,40.4739251597676],[-74.2918447030475,40.4740179170294],[-74.2917730542804,40.4740432903644]]}},{"type":"Feature","id":110044,"properties":{"OBJECTID":110044,"PRIMENAME":"State Highway 35","ELEVTYP_F":0,"ELEVTYP_T":0},"geometry":{"type":"LineString","coordinates":[[-74.2977482706948,40.4973940532639],[-74.2977561176486,40.4972454267532],[-74.2977704143352,40.4971710559948],[-74.2978229247991,40.4970164391615],[-74.2978793681192,40.4969137857196]]}},{"type":"Feature","id":110078,"properties":{"OBJECTID":110078,"PRIMENAME":"Garden State Parkway Express","ELEVTYP_F":1,"ELEVTYP_T":0},"geometry":{"type":"LineString","coordinates":[[-74.2976562448174,40.4742998961888],[-74.2977614527105,40.4744345100269],[-74.2979572032409,40.4746922917199],[-74.2983301731497,40.475214739527],[-74.2986889759304,40.4757408125879],[-74.2988214456801,40.4759364368895],[-74.2989313101067,40.476098678405],[-74.2990990880713,40.4763491629239],[-74.2991651384007,40.4764530713772]]}},{"type":"Feature","id":110866,"properties":{"OBJECTID":110866,"PRIMENAME":"Bordentown Avenue","ELEVTYP_F":0,"ELEVTYP_T":0},"geometry":{"type":"LineString","coordinates":[[-74.2870579944176,40.4745045587639],[-74.2870613094016,40.4745020115705],[-74.2871321560645,40.4744467728217]]}},{"type":"Feature","id":112162,"properties":{"OBJECTID":112162,"PRIMENAME":"Stevens Avenue South","ELEVTYP_F":0,"ELEVTYP_T":0},"geometry":{"type":"LineString","coordinates":[[-74.2815810286072,40.4800050969174],[-74.2818410906432,40.4803383534741],[-74.2820712439142,40.4806383925935]]}},{"type":"Feature","id":112986,"properties":{"OBJECTID":112986,"PRIMENAME":"Merritt Avenue","ELEVTYP_F":0,"ELEVTYP_T":0},"geometry":{"type":"LineString","coordinates":[[-74.2902820987583,40.4718557092864],[-74.2896631674434,40.4710088058921],[-74.2890055009756,40.4701285021442]]}},{"type":"Feature","id":114488,"properties":{"OBJECTID":114488,"PRIMENAME":"Oak Street","ELEVTYP_F":0,"ELEVTYP_T":0},"geometry":{"type":"LineString","coordinates":[[-74.2978306865314,40.4889897970696],[-74.2973865709582,40.4899398192593]]}},{"type":"Feature","id":114664,"properties":{"OBJECTID":114664,"PRIMENAME":"Ridgeway Avenue","ELEVTYP_F":0,"ELEVTYP_T":0},"geometry":{"type":"LineString","coordinates":[[-74.295830290866,40.4879195718354],[-74.2960069947711,40.4880181591279],[-74.2962067048618,40.4881187365876],[-74.2962847248362,40.4881546706911]]}},{"type":"Feature","id":115106,"properties":{"OBJECTID":115106,"PRIMENAME":"Hillcrest Avenue","ELEVTYP_F":0,"ELEVTYP_T":0},"geometry":{"type":"LineString","coordinates":[[-74.2870456919644,40.4716055018082],[-74.2877210227727,40.4713551866124]]}},{"type":"Feature","id":116094,"properties":{"OBJECTID":116094,"PRIMENAME":"John T Oleary Boulevard","ELEVTYP_F":0,"ELEVTYP_T":0},"geometry":{"type":"LineString","coordinates":[[-74.2720849381011,40.4808870851978],[-74.272044453428,40.4808352315164],[-74.2720005616243,40.4807703875603],[-74.2719668000333,40.4807185480132],[-74.2719432389351,40.4806589317946],[-74.2719163590418,40.480581136029],[-74.2718996895253,40.4805034432648],[-74.2718999524638,40.4804257568954],[-74.271910380414,40.4803402937961],[-74.2719242932723,40.4802444883855],[-74.2719620492538,40.4801356906352]]}},{"type":"Feature","id":119312,"properties":{"OBJECTID":119312,"PRIMENAME":"South Broadway","ELEVTYP_F":0,"ELEVTYP_T":0},"geometry":{"type":"LineString","coordinates":[[-74.2790520138649,40.4820014682449],[-74.2794825638783,40.482561969551],[-74.2795447470086,40.4826428498031]]}},{"type":"Feature","id":119517,"properties":{"OBJECTID":119517,"PRIMENAME":"Hillcrest Avenue","ELEVTYP_F":0,"ELEVTYP_T":0},"geometry":{"type":"LineString","coordinates":[[-74.2863729473888,40.4718627977488],[-74.2870456919644,40.4716055018082]]}},{"type":"Feature","id":120270,"properties":{"OBJECTID":120270,"PRIMENAME":"South Feltus Street","ELEVTYP_F":0,"ELEVTYP_T":0},"geometry":{"type":"LineString","coordinates":[[-74.2869245756405,40.4784565189453],[-74.2872307026983,40.4788602608883],[-74.2874206903087,40.4791011401906]]}},{"type":"Feature","id":120293,"properties":{"OBJECTID":120293,"PRIMENAME":"Lovely Drive","ELEVTYP_F":0,"ELEVTYP_T":0},"geometry":{"type":"LineString","coordinates":[[-74.290745019541,40.4870427393173],[-74.2894837781085,40.4865077001087]]}},{"type":"Feature","id":120642,"properties":{"OBJECTID":120642,"PRIMENAME":"Ridgeway Avenue","ELEVTYP_F":0,"ELEVTYP_T":0},"geometry":{"type":"LineString","coordinates":[[-74.2934848544661,40.486628155059],[-74.2936121653364,40.4866919653726],[-74.2938508749073,40.4868116073077],[-74.2939686891105,40.4868725128581]]}},{"type":"Feature","id":120757,"properties":{"OBJECTID":120757,"PRIMENAME":"Woodland Avenue","ELEVTYP_F":0,"ELEVTYP_T":0},"geometry":{"type":"LineString","coordinates":[[-74.2772221388802,40.4716365631976],[-74.2775335699991,40.4720181606121],[-74.2776854769672,40.4722034478884]]}},{"type":"Feature","id":120764,"properties":{"OBJECTID":120764,"PRIMENAME":"Washington Avenue","ELEVTYP_F":0,"ELEVTYP_T":0},"geometry":{"type":"LineString","coordinates":[[-74.2915976664482,40.4789273204373],[-74.2913840235434,40.4791349887885],[-74.2913804998839,40.4791382490296],[-74.2912388744216,40.479269239167],[-74.2910969618222,40.47939147084],[-74.2910225520772,40.4794475836469]]}},{"type":"Feature","id":121375,"properties":{"OBJECTID":121375,"PRIMENAME":"Woodland Avenue","ELEVTYP_F":0,"ELEVTYP_T":0},"geometry":{"type":"LineString","coordinates":[[-74.2781668730657,40.4727905981011],[-74.2782309592065,40.4728687656249],[-74.2783316256317,40.4729947963799],[-74.2784024056707,40.4731035847313]]}},{"type":"Feature","id":121963,"properties":{"OBJECTID":121963,"PRIMENAME":"Meacham Drive","ELEVTYP_F":0,"ELEVTYP_T":0},"geometry":{"type":"LineString","coordinates":[[-74.2802943881798,40.4724360637478],[-74.2805547135117,40.4723022384167],[-74.2807771446481,40.4722145693456],[-74.2808797781961,40.4721788574223],[-74.2809653055722,40.4721529407267],[-74.2810764418181,40.4721335777632],[-74.2812045826661,40.4721240205772],[-74.2814268372813,40.4721016288734],[-74.2815123221777,40.4720887240725],[-74.2815807280339,40.472066013241],[-74.281806537113,40.4719670104675],[-74.2818675881995,40.4718733245153]]}},{"type":"Feature","id":122460,"properties":{"OBJECTID":122460,"PRIMENAME":"Laurel Street","ELEVTYP_F":0,"ELEVTYP_T":0},"geometry":{"type":"LineString","coordinates":[[-74.2964503055597,40.4899004015977],[-74.2970135782539,40.4887481913014],[-74.2970405179492,40.4886930856508],[-74.297087337356,40.4885714761325]]}},{"type":"Feature","id":122494,"properties":{"OBJECTID":122494,"PRIMENAME":"John T Oleary Boulevard","ELEVTYP_F":0,"ELEVTYP_T":0},"geometry":{"type":"LineString","coordinates":[[-74.2725482340923,40.4814936849429],[-74.2724124668068,40.4813177013195],[-74.2721963353421,40.481040126174],[-74.2720849381011,40.4808870851978]]}},{"type":"Feature","id":122632,"properties":{"OBJECTID":122632,"PRIMENAME":"Bordentown Avenue","ELEVTYP_F":0,"ELEVTYP_T":0},"geometry":{"type":"LineString","coordinates":[[-74.2878363728154,40.4738371091223],[-74.2874986710426,40.4740937633092],[-74.2874173207468,40.4741627635875]]}},{"type":"Feature","id":123127,"properties":{"OBJECTID":123127,"PRIMENAME":"Grand Street","ELEVTYP_F":0,"ELEVTYP_T":0},"geometry":{"type":"LineString","coordinates":[[-74.2776854769672,40.4722034478884],[-74.2767387743495,40.4726472422229]]}},{"type":"Feature","id":123647,"properties":{"OBJECTID":123647,"PRIMENAME":"4th Street","ELEVTYP_F":0,"ELEVTYP_T":0},"geometry":{"type":"LineString","coordinates":[[-74.2870196477977,40.4843191830288],[-74.2868057216454,40.4846292361042],[-74.2865542928843,40.4849736984645],[-74.2863433235309,40.4852453242779]]}},{"type":"Feature","id":123832,"properties":{"OBJECTID":123832,"PRIMENAME":"Washington Road","ELEVTYP_F":0,"ELEVTYP_T":0},"geometry":{"type":"LineString","coordinates":[[-74.2967732054375,40.4753494341072],[-74.2966979562076,40.4754722564719],[-74.2966565104584,40.4755551140385],[-74.2966262986448,40.4756437013816],[-74.2966072939523,40.4757351913693],[-74.2965919243805,40.475860974022],[-74.2965893130043,40.47607130191]]}},{"type":"Feature","id":124188,"properties":{"OBJECTID":124188,"PRIMENAME":"Andrejewski Drive","ELEVTYP_F":0,"ELEVTYP_T":1},"geometry":{"type":"LineString","coordinates":[[-74.2964503055597,40.4899004015977],[-74.2965924776728,40.4899464130493],[-74.2968731542195,40.4900269549198],[-74.2971576039938,40.4900961097261],[-74.297275657754,40.4901140178913],[-74.297367237247,40.4901279095344],[-74.29757689308,40.4901396969424],[-74.2977792203844,40.4901257760958],[-74.2979908569043,40.49010097351]]}},{"type":"Feature","id":124380,"properties":{"OBJECTID":124380,"PRIMENAME":"Stevens Avenue North","ELEVTYP_F":0,"ELEVTYP_T":0},"geometry":{"type":"LineString","coordinates":[[-74.2917720703083,40.4857063954805],[-74.2919163361435,40.4857691340384],[-74.2924029864518,40.4860525117204],[-74.2925184353077,40.4861099821932],[-74.2925329729034,40.4861178302898]]}},{"type":"Feature","id":124464,"properties":{"OBJECTID":124464,"PRIMENAME":"Pupek Road","ELEVTYP_F":0,"ELEVTYP_T":0},"geometry":{"type":"LineString","coordinates":[[-74.2897784719511,40.4877346529555],[-74.2901836923405,40.4876021685463],[-74.2902247555218,40.4875797539979],[-74.2902644989366,40.4875559930947],[-74.2903028469176,40.4875309310757],[-74.2903397264544,40.4875046156575],[-74.2903750673329,40.4874770969424],[-74.2904088022684,40.4874484273243],[-74.2904408670343,40.4874186613878],[-74.2904712005841,40.4873878558049],[-74.290745019541,40.4870427393173]]}},{"type":"Feature","id":124941,"properties":{"OBJECTID":124941,"PRIMENAME":"Bordentown Avenue","ELEVTYP_F":0,"ELEVTYP_T":0},"geometry":{"type":"LineString","coordinates":[[-74.2834541982583,40.4772882714894],[-74.2835962106206,40.477238547735],[-74.2839461158008,40.476963837775],[-74.2845748808143,40.4764717643538],[-74.2850895686763,40.4760602380413]]}},{"type":"Feature","id":125015,"properties":{"OBJECTID":125015,"PRIMENAME":"Center Street","ELEVTYP_F":0,"ELEVTYP_T":0},"geometry":{"type":"LineString","coordinates":[[-74.2914195624726,40.4812306648866],[-74.2921888693735,40.4808698570117]]}},{"type":"Feature","id":125796,"properties":{"OBJECTID":125796,"PRIMENAME":"Garden State Parkway Express","ELEVTYP_F":1,"ELEVTYP_T":1},"geometry":{"type":"LineString","coordinates":[[-74.2959696713783,40.4713230088905],[-74.2958708662014,40.4712249704704],[-74.2956655543357,40.4710208352801],[-74.2954228501704,40.4707845429932],[-74.2952175654526,40.4705840041807],[-74.2950261995672,40.470404928415],[-74.2948535220058,40.4702509492913],[-74.2946667976495,40.4700826149373],[-74.2944941109418,40.4699321756525],[-74.2942934030701,40.4697530829472],[-74.2939853377632,40.4694773053634],[-74.2936603695519,40.4691936198126]]}},{"type":"Feature","id":126370,"properties":{"OBJECTID":126370,"PRIMENAME":"Oak Street","ELEVTYP_F":0,"ELEVTYP_T":0},"geometry":{"type":"LineString","coordinates":[[-74.296734442124,40.4913245551192],[-74.2970360465735,40.4906902733742],[-74.2972282097317,40.4902788405092]]}},{"type":"Feature","id":126816,"properties":{"OBJECTID":126816,"PRIMENAME":"Barkalow Street","ELEVTYP_F":0,"ELEVTYP_T":0},"geometry":{"type":"LineString","coordinates":[[-74.2894837781085,40.4865077001087],[-74.289079098765,40.4870432794716],[-74.2890379972321,40.4870911622718]]}},{"type":"Feature","id":126890,"properties":{"OBJECTID":126890,"PRIMENAME":"South Feltus Street","ELEVTYP_F":0,"ELEVTYP_T":0},"geometry":{"type":"LineString","coordinates":[[-74.2839549569168,40.4745867276625],[-74.2844764679101,40.4752646248208]]}},{"type":"Feature","id":126909,"properties":{"OBJECTID":126909,"PRIMENAME":"Barkalow Street","ELEVTYP_F":0,"ELEVTYP_T":0},"geometry":{"type":"LineString","coordinates":[[-74.290518791906,40.4851711071069],[-74.2900734405113,40.4857451157381],[-74.2895591245931,40.486407996722],[-74.2894837781085,40.4865077001087]]}},{"type":"Feature","id":127166,"properties":{"OBJECTID":127166,"PRIMENAME":"Catherine Street","ELEVTYP_F":0,"ELEVTYP_T":0},"geometry":{"type":"LineString","coordinates":[[-74.2775721145624,40.4800801145849],[-74.2787393804181,40.4795495722231],[-74.2794733668829,40.4792308643305],[-74.2806014716428,40.4787322152702]]}},{"type":"Feature","id":127968,"properties":{"OBJECTID":127968,"PRIMENAME":"Thomas Road","ELEVTYP_F":0,"ELEVTYP_T":0},"geometry":{"type":"LineString","coordinates":[[-74.2917730542804,40.4740432903644],[-74.2917246341575,40.4740663449479],[-74.291294963011,40.4746071326506]]}},{"type":"Feature","id":128118,"properties":{"OBJECTID":128118,"PRIMENAME":"Lee Avenue","ELEVTYP_F":0,"ELEVTYP_T":0},"geometry":{"type":"LineString","coordinates":[[-74.2938330133585,40.474164420404],[-74.2951397478425,40.4746399789323]]}},{"type":"Feature","id":129341,"properties":{"OBJECTID":129341,"PRIMENAME":"Conlogue Avenue","ELEVTYP_F":0,"ELEVTYP_T":0},"geometry":{"type":"LineString","coordinates":[[-74.2914385577416,40.4757316356236],[-74.2922509702755,40.4759215340179]]}},{"type":"Feature","id":129629,"properties":{"OBJECTID":129629,"PRIMENAME":"Catherine Street","ELEVTYP_F":0,"ELEVTYP_T":0},"geometry":{"type":"LineString","coordinates":[[-74.2889679448386,40.4744670764351],[-74.2883241748832,40.4749917863967]]}},{"type":"Feature","id":129935,"properties":{"OBJECTID":129935,"PRIMENAME":"Raritan Street","ELEVTYP_F":0,"ELEVTYP_T":0},"geometry":{"type":"LineString","coordinates":[[-74.2956705611053,40.4852824217609],[-74.2954547691652,40.4857455285544],[-74.2951650578644,40.4863843579853],[-74.2948811752523,40.4869968435317],[-74.2947459020376,40.4872848699452]]}},{"type":"Feature","id":130537,"properties":{"OBJECTID":130537,"PRIMENAME":"David Street","ELEVTYP_F":0,"ELEVTYP_T":0},"geometry":{"type":"LineString","coordinates":[[-74.2859811513676,40.4805651007709],[-74.2867734957068,40.4802132662325],[-74.2878937386754,40.4797104417717]]}},{"type":"Feature","id":133604,"properties":{"OBJECTID":133604,"PRIMENAME":"Church Street","ELEVTYP_F":0,"ELEVTYP_T":0},"geometry":{"type":"LineString","coordinates":[[-74.2838442235261,40.4828755498244],[-74.2834175855421,40.4832111954882],[-74.2832769013019,40.4833691893288],[-74.2827427666937,40.4840602352157]]}},{"type":"Feature","id":133946,"properties":{"OBJECTID":133946,"PRIMENAME":"Pupek Road","ELEVTYP_F":0,"ELEVTYP_T":0},"geometry":{"type":"LineString","coordinates":[[-74.2912378969554,40.4864084338269],[-74.2917720703083,40.4857063954805]]}},{"type":"Feature","id":135134,"properties":{"OBJECTID":135134,"PRIMENAME":"Woodland Avenue","ELEVTYP_F":0,"ELEVTYP_T":0},"geometry":{"type":"LineString","coordinates":[[-74.2776854769672,40.4722034478884],[-74.2781668730657,40.4727905981011]]}},{"type":"Feature","id":135497,"properties":{"OBJECTID":135497,"PRIMENAME":"North Pine Avenue","ELEVTYP_F":0,"ELEVTYP_T":0},"geometry":{"type":"LineString","coordinates":[[-74.2820436381797,40.4754346816201],[-74.282134907004,40.4755576165259],[-74.2823995324949,40.4759093283772],[-74.2825601590839,40.4761174377317]]}},{"type":"Feature","id":135969,"properties":{"OBJECTID":135969,"PRIMENAME":"Bordentown Avenue","ELEVTYP_F":0,"ELEVTYP_T":0},"geometry":{"type":"LineString","coordinates":[[-74.2902820987583,40.4718557092864],[-74.2900512498001,40.4720419595329],[-74.2897947943591,40.4722440022229],[-74.2896382842294,40.472371229459]]}},{"type":"Feature","id":137348,"properties":{"OBJECTID":137348,"PRIMENAME":"2nd Street","ELEVTYP_F":0,"ELEVTYP_T":0},"geometry":{"type":"LineString","coordinates":[[-74.2841003714079,40.4846730231949],[-74.2847860486482,40.4837752418429],[-74.2850551394355,40.4834292787265]]}},{"type":"Feature","id":137543,"properties":{"OBJECTID":137543,"PRIMENAME":"Feltus Street North","ELEVTYP_F":0,"ELEVTYP_T":0},"geometry":{"type":"LineString","coordinates":[[-74.2885924322488,40.4805329021014],[-74.2887214801458,40.4806635327784],[-74.2888417760567,40.4807978020933],[-74.2888675388662,40.4808265586704],[-74.2890183383585,40.4810028521625]]}},{"type":"Feature","id":137854,"properties":{"OBJECTID":137854,"PRIMENAME":"Bertram Avenue","ELEVTYP_F":0,"ELEVTYP_T":0},"geometry":{"type":"LineString","coordinates":[[-74.2873526465707,40.4742672344805],[-74.2882512980849,40.4749380399109],[-74.2883241748832,40.4749917863967]]}},{"type":"Feature","id":138026,"properties":{"OBJECTID":138026,"PRIMENAME":"Stevens Avenue North","ELEVTYP_F":0,"ELEVTYP_T":0},"geometry":{"type":"LineString","coordinates":[[-74.2835122161418,40.4825156998509],[-74.2835877880882,40.4826156270962],[-74.2836873669559,40.4827408547947],[-74.2837370980021,40.4827939564581],[-74.2837785733707,40.4828427601424],[-74.2838442235261,40.4828755498244]]}},{"type":"Feature","id":138312,"properties":{"OBJECTID":138312,"PRIMENAME":"John Street","ELEVTYP_F":0,"ELEVTYP_T":0},"geometry":{"type":"LineString","coordinates":[[-74.2790520138649,40.4820014682449],[-74.2809875945892,40.481124484356],[-74.2819425316111,40.4806971152506],[-74.2820712439142,40.4806383925935]]}},{"type":"Feature","id":138346,"properties":{"OBJECTID":138346,"PRIMENAME":"Walnut Street","ELEVTYP_F":0,"ELEVTYP_T":0},"geometry":{"type":"LineString","coordinates":[[-74.2896811300887,40.4804130865004],[-74.2901382197183,40.4809615722458],[-74.290627582802,40.4815503044956],[-74.2906674092883,40.4815989379184]]}},{"type":"Feature","id":138825,"properties":{"OBJECTID":138825,"PRIMENAME":"Stevens Avenue North","ELEVTYP_F":0,"ELEVTYP_T":0},"geometry":{"type":"LineString","coordinates":[[-74.2891583070534,40.484595146828],[-74.289331261637,40.4846684423388],[-74.2894467097975,40.4847173661751],[-74.2895803344318,40.484773993684]]}},{"type":"Feature","id":139193,"properties":{"OBJECTID":139193,"PRIMENAME":"2nd Street","ELEVTYP_F":0,"ELEVTYP_T":0},"geometry":{"type":"LineString","coordinates":[[-74.2850551394355,40.4834292787265],[-74.2859089245771,40.4823314912338],[-74.2860163532976,40.4821933897379]]}},{"type":"Feature","id":139904,"properties":{"OBJECTID":139904,"PRIMENAME":"Portia Street","ELEVTYP_F":0,"ELEVTYP_T":0},"geometry":{"type":"LineString","coordinates":[[-74.2842440804765,40.4736207033935],[-74.2834773092365,40.4739658159847]]}},{"type":"Feature","id":140184,"properties":{"OBJECTID":140184,"PRIMENAME":"North Pine Avenue","ELEVTYP_F":0,"ELEVTYP_T":0},"geometry":{"type":"LineString","coordinates":[[-74.2825601590839,40.4761174377317],[-74.2826573159717,40.4762433472773],[-74.2829657576782,40.4766427963621],[-74.2830642719548,40.4767721395222]]}},{"type":"Feature","id":141424,"properties":{"OBJECTID":141424,"PRIMENAME":"Fouratt Avenue","ELEVTYP_F":0,"ELEVTYP_T":0},"geometry":{"type":"LineString","coordinates":[[-74.2959041570859,40.4910947788445],[-74.296734442124,40.4913245551192]]}},{"type":"Feature","id":141594,"properties":{"OBJECTID":141594,"PRIMENAME":"Bordentown Avenue","ELEVTYP_F":0,"ELEVTYP_T":0},"geometry":{"type":"LineString","coordinates":[[-74.2882829498249,40.4734789455721],[-74.2882025544045,40.4735421831942],[-74.2881200614146,40.4736093436843]]}},{"type":"Feature","id":141903,"properties":{"OBJECTID":141903,"PRIMENAME":"Center Street","ELEVTYP_F":0,"ELEVTYP_T":0},"geometry":{"type":"LineString","coordinates":[[-74.2898408177652,40.4819934511699],[-74.2901880992909,40.4818338485119],[-74.2906674092883,40.4815989379184]]}},{"type":"Feature","id":142468,"properties":{"OBJECTID":142468,"PRIMENAME":"South Shore Drive","ELEVTYP_F":0,"ELEVTYP_T":0},"geometry":{"type":"LineString","coordinates":[[-74.271796077889,40.4790923746912],[-74.2719402030089,40.4790273802875],[-74.2727860364423,40.4786396208689],[-74.2728265936739,40.4786333351299],[-74.2728678981935,40.4786313757265],[-74.2729091623909,40.4786337800213],[-74.2729495994251,40.4786405021685],[-74.2729884382269,40.4786514139875],[-74.2730249382022,40.4786663074076],[-74.273058403353,40.478684898435],[-74.2730881955495,40.4787068325685],[-74.2731137466974,40.4787316915586],[-74.2731345695709,40.4787590013828],[-74.2731502671039,40.4787882412845],[-74.2731605399611,40.478818853703],[-74.2731651922468,40.4788502549046],[-74.273164135241,40.4788818461141],[-74.2731573890913,40.4789130249322],[-74.2731450824294,40.4789431968227],[-74.2731120246979,40.4789919958473],[-74.273022178813,40.479079745666],[-74.2728938136163,40.479193965928],[-74.272875366936,40.4792138939091],[-74.2728599311723,40.4792352623531],[-74.2728476971191,40.4792578071392],[-74.2728388159968,40.4792812496064],[-74.2728333975825,40.4793052999975],[-74.2728315088536,40.4793296610412],[-74.2728331731593,40.4793540316258],[-74.2728383699319,40.4793781105215],[-74.2728398571892,40.4793819681588],[-74.2728765745935,40.4794771752042]]}},{"type":"Feature","id":142588,"properties":{"OBJECTID":142588,"PRIMENAME":"Division Street","ELEVTYP_F":0,"ELEVTYP_T":0},"geometry":{"type":"LineString","coordinates":[[-74.2880970286284,40.4717342434428],[-74.2877993070293,40.4713261686759]]}},{"type":"Feature","id":143952,"properties":{"OBJECTID":143952,"PRIMENAME":"North Pine Avenue","ELEVTYP_F":0,"ELEVTYP_T":0},"geometry":{"type":"LineString","coordinates":[[-74.2855124346524,40.4799539604033],[-74.2853907378612,40.479797701427],[-74.2850181300244,40.4793091696213]]}},{"type":"Feature","id":145272,"properties":{"OBJECTID":145272,"PRIMENAME":"Pupek Road","ELEVTYP_F":0,"ELEVTYP_T":0},"geometry":{"type":"LineString","coordinates":[[-74.2854509167828,40.4883911057182],[-74.2862147465631,40.4883874433374],[-74.2863786679974,40.4883856875814],[-74.2864879597317,40.4883775163485],[-74.2866603479775,40.4883479399721]]}},{"type":"Feature","id":146295,"properties":{"OBJECTID":146295,"PRIMENAME":"Thompson Street","ELEVTYP_F":0,"ELEVTYP_T":0},"geometry":{"type":"LineString","coordinates":[[-74.2902571103265,40.4824970069465],[-74.28997511536,40.4823676655017],[-74.2897833384812,40.4822797194087]]}},{"type":"Feature","id":146675,"properties":{"OBJECTID":146675,"PRIMENAME":"Jasko Court","ELEVTYP_F":0,"ELEVTYP_T":0},"geometry":{"type":"LineString","coordinates":[[-74.2912378969554,40.4864084338269],[-74.2908790272995,40.4862408274739],[-74.2906472490863,40.4861325768547]]}},{"type":"Feature","id":147640,"properties":{"OBJECTID":147640,"PRIMENAME":"Bordentown Avenue","ELEVTYP_F":0,"ELEVTYP_T":0},"geometry":{"type":"LineString","coordinates":[[-74.292898371011,40.469783835259],[-74.2925505084585,40.4700614313945],[-74.2920406434594,40.470465671625],[-74.2913400675362,40.4710143435479]]}},{"type":"Feature","id":147950,"properties":{"OBJECTID":147950,"PRIMENAME":"Stevens Avenue South","ELEVTYP_F":0,"ELEVTYP_T":0},"geometry":{"type":"LineString","coordinates":[[-74.2820712439142,40.4806383925935],[-74.2822611611863,40.4808859223366],[-74.2825681540823,40.4812836393272]]}},{"type":"Feature","id":148916,"properties":{"OBJECTID":148916,"PRIMENAME":"John T Oleary Boulevard","ELEVTYP_F":0,"ELEVTYP_T":0},"geometry":{"type":"LineString","coordinates":[[-74.2754670198322,40.483087316412],[-74.2754422758036,40.483079582333],[-74.2753304093372,40.4830534501056],[-74.2752050352898,40.4830350612659],[-74.2750693448348,40.483027056334],[-74.2749132892572,40.483034493477],[-74.2747707795361,40.4830446469991],[-74.2746282968928,40.4830572717369],[-74.2744823981627,40.4830699445724],[-74.2744003631516,40.4830718302244],[-74.2743183668448,40.4830691363254],[-74.2742368471489,40.4830618772625],[-74.2741562394252,40.4830500918032]]}},{"type":"Feature","id":150572,"properties":{"OBJECTID":150572,"PRIMENAME":"Gowin Street","ELEVTYP_F":0,"ELEVTYP_T":0},"geometry":{"type":"LineString","coordinates":[[-74.2978441396926,40.4806402079519],[-74.2979985950015,40.4806721019628],[-74.2981555429013,40.4806877769958],[-74.2983206362105,40.4806849624989],[-74.2986669194014,40.4806578960216],[-74.2993998398829,40.4805730823442]]}},{"type":"Feature","id":150669,"properties":{"OBJECTID":150669,"PRIMENAME":"Raritan Reach Road","ELEVTYP_F":0,"ELEVTYP_T":0},"geometry":{"type":"LineString","coordinates":[[-74.2741562394252,40.4830500918032],[-74.2740864743195,40.4832486478456],[-74.2740715244362,40.4832842150732],[-74.2740521324564,40.4833185092043],[-74.2740284807833,40.4833512076526],[-74.2740007918898,40.4833820028411],[-74.2739693262257,40.4834106050951],[-74.2739343797682,40.4834367453678],[-74.2738962812377,40.4834601777704],[-74.2738553890057,40.4834806818855],[-74.2723737581758,40.484124582293],[-74.2723291923319,40.4841418152754],[-74.2722826436999,40.4841556590181],[-74.2722345531315,40.4841659824098],[-74.2721853760824,40.48417268768],[-74.2721355782986,40.4841757113241],[-74.2720856314055,40.4841750247059],[-74.2720360084405,40.4841706343283],[-74.2719871793731,40.4841625817716],[-74.2715390950716,40.483911312733],[-74.271488881539,40.4838790258242],[-74.2714447050042,40.4838419493628],[-74.2713834919839,40.4837530231371]]}},{"type":"Feature","id":151143,"properties":{"OBJECTID":151143,"PRIMENAME":"Ferris Street","ELEVTYP_F":0,"ELEVTYP_T":0},"geometry":{"type":"LineString","coordinates":[[-74.2817878056383,40.47644312066],[-74.2825601590839,40.4761174377317]]}},{"type":"Feature","id":152070,"properties":{"OBJECTID":152070,"PRIMENAME":"Walnut Street","ELEVTYP_F":0,"ELEVTYP_T":0},"geometry":{"type":"LineString","coordinates":[[-74.2906674092883,40.4815989379184],[-74.2909940083233,40.4819975461422],[-74.2915219996661,40.4826439092685]]}},{"type":"Feature","id":152661,"properties":{"OBJECTID":152661,"PRIMENAME":"Blue Heron Drive","ELEVTYP_F":0,"ELEVTYP_T":0},"geometry":{"type":"LineString","coordinates":[[-74.2730255703859,40.4821182905984],[-74.2725181219414,40.4823427252047],[-74.2720599008264,40.4825453854775],[-74.2715867692277,40.4827546341163]]}},{"type":"Feature","id":153396,"properties":{"OBJECTID":153396,"PRIMENAME":"Washington Road","ELEVTYP_F":0,"ELEVTYP_T":0},"geometry":{"type":"LineString","coordinates":[[-74.2976562448174,40.4742998961888],[-74.2976262907779,40.4743272122507],[-74.2975474064812,40.474404295473],[-74.297484753195,40.4744634529168]]}},{"type":"Feature","id":154235,"properties":{"OBJECTID":154235,"PRIMENAME":"Garden State Parkway Express","ELEVTYP_F":1,"ELEVTYP_T":1},"geometry":{"type":"LineString","coordinates":[[-74.2930724467264,40.4696448861949],[-74.2933523274918,40.4698622528124],[-74.293660399255,40.4701237020592],[-74.2939405268978,40.4703672842852],[-74.294201925649,40.4706000987024],[-74.2945332630887,40.4709080886378],[-74.2948412462978,40.4712017079471],[-74.2951026199473,40.4714452540289],[-74.2953312811917,40.4716779528786],[-74.2955177149488,40.4718729408131]]}},{"type":"Feature","id":154931,"properties":{"OBJECTID":154931,"PRIMENAME":"Stevens Avenue North","ELEVTYP_F":0,"ELEVTYP_T":0},"geometry":{"type":"LineString","coordinates":[[-74.2895803344318,40.484773993684],[-74.2901688922311,40.4850233881541],[-74.290518791906,40.4851711071069]]}},{"type":"Feature","id":155139,"properties":{"OBJECTID":155139,"PRIMENAME":"Stockton Street","ELEVTYP_F":0,"ELEVTYP_T":0},"geometry":{"type":"LineString","coordinates":[[-74.2832079553328,40.4842716876272],[-74.2831292973528,40.4842363478079],[-74.2827427666937,40.4840602352157]]}},{"type":"Feature","id":155382,"properties":{"OBJECTID":155382,"PRIMENAME":"David Street","ELEVTYP_F":0,"ELEVTYP_T":0},"geometry":{"type":"LineString","coordinates":[[-74.2830387607597,40.48189397185],[-74.2830579858301,40.4818853879693],[-74.284851031914,40.4810669830786],[-74.2859811513676,40.4805651007709]]}},{"type":"Feature","id":155491,"properties":{"OBJECTID":155491,"PRIMENAME":"John T Oleary Boulevard","ELEVTYP_F":0,"ELEVTYP_T":0},"geometry":{"type":"LineString","coordinates":[[-74.2719620492538,40.4801356906352],[-74.2720200172199,40.4800245442575],[-74.2720983789279,40.4799210970542],[-74.2721630369094,40.4798513064995],[-74.2722022472256,40.4798187285926],[-74.272271911646,40.4797608488218],[-74.2723669931746,40.4797092631648],[-74.2725436781003,40.4796267346453],[-74.2726328632109,40.4795866670829],[-74.2728765745935,40.4794771752042]]}},{"type":"Feature","id":155912,"properties":{"OBJECTID":155912,"PRIMENAME":"Prospect Street","ELEVTYP_F":0,"ELEVTYP_T":0},"geometry":{"type":"LineString","coordinates":[[-74.2860631883175,40.4700892191389],[-74.2861792833775,40.4702646769565],[-74.2862433937233,40.4703615652392]]}},{"type":"Feature","id":156446,"properties":{"OBJECTID":156446,"PRIMENAME":"Louisa Street","ELEVTYP_F":0,"ELEVTYP_T":0},"geometry":{"type":"LineString","coordinates":[[-74.2820436381797,40.4754346816201],[-74.2814849441148,40.4756887054668]]}},{"type":"Feature","id":156756,"properties":{"OBJECTID":156756,"PRIMENAME":"North Pine Avenue","ELEVTYP_F":0,"ELEVTYP_T":0},"geometry":{"type":"LineString","coordinates":[[-74.2850181300244,40.4793091696213],[-74.2848152517513,40.4790432553724],[-74.2845363337445,40.4786790046653]]}},{"type":"Feature","id":156894,"properties":{"OBJECTID":156894,"PRIMENAME":"5th Street","ELEVTYP_F":0,"ELEVTYP_T":0},"geometry":{"type":"LineString","coordinates":[[-74.2897833384812,40.4822797194087],[-74.2896395275205,40.4824657430705],[-74.2888471259724,40.4834863671027]]}},{"type":"Feature","id":156931,"properties":{"OBJECTID":156931,"PRIMENAME":"Railroad Avenue","ELEVTYP_F":0,"ELEVTYP_T":0},"geometry":{"type":"LineString","coordinates":[[-74.2933286308525,40.4846604646595],[-74.2933525496793,40.4843638954651],[-74.293367717047,40.4840958877107],[-74.2934894312073,40.4838324348313],[-74.2937558262905,40.4832836635191],[-74.2941674865099,40.4823888710021],[-74.2942163699032,40.4822826183962]]}},{"type":"Feature","id":158803,"properties":{"OBJECTID":158803,"PRIMENAME":"Lee Avenue","ELEVTYP_F":0,"ELEVTYP_T":0},"geometry":{"type":"LineString","coordinates":[[-74.2951397478425,40.4746399789323],[-74.296003398839,40.4749542321338]]}},{"type":"Feature","id":159050,"properties":{"OBJECTID":159050,"PRIMENAME":"Hillcrest Avenue","ELEVTYP_F":0,"ELEVTYP_T":0},"geometry":{"type":"LineString","coordinates":[[-74.2853705622473,40.4722362293082],[-74.2856150727698,40.4721212774458],[-74.2858020765324,40.4720378416232],[-74.285950445674,40.4719973789299],[-74.2861581173986,40.4719366290811],[-74.2863729473888,40.4718627977488]]}},{"type":"Feature","id":159241,"properties":{"OBJECTID":159241,"PRIMENAME":"South Feltus Street","ELEVTYP_F":0,"ELEVTYP_T":0},"geometry":{"type":"LineString","coordinates":[[-74.2849593618464,40.4758922949633],[-74.285023477647,40.4759756472992],[-74.2850306740497,40.4759849660426]]}},{"type":"Feature","id":160535,"properties":{"OBJECTID":160535,"PRIMENAME":"Ridgeway Avenue","ELEVTYP_F":0,"ELEVTYP_T":0},"geometry":{"type":"LineString","coordinates":[[-74.2939686891105,40.4868725128581],[-74.2944344173054,40.48711332125],[-74.2947459020376,40.4872848699452]]}},{"type":"Feature","id":160747,"properties":{"OBJECTID":160747,"PRIMENAME":"Scott Avenue","ELEVTYP_F":0,"ELEVTYP_T":0},"geometry":{"type":"LineString","coordinates":[[-74.295787660366,40.4892205256901],[-74.2956303517621,40.4895662716736],[-74.2954384072476,40.4899859097808],[-74.2952464746809,40.4904008264417],[-74.2950639903707,40.4907942650082],[-74.2950349695847,40.4908548261206]]}},{"type":"Feature","id":161306,"properties":{"OBJECTID":161306,"PRIMENAME":"6th Street","ELEVTYP_F":0,"ELEVTYP_T":0},"geometry":{"type":"LineString","coordinates":[[-74.2891583070534,40.484595146828],[-74.2898404008689,40.4836951889884],[-74.2905204515327,40.4828216847898]]}},{"type":"Feature","id":161880,"properties":{"OBJECTID":161880,"PRIMENAME":"FR US 9 NB to RARITAN ST","ELEVTYP_F":0,"ELEVTYP_T":0},"geometry":{"type":"LineString","coordinates":[[-74.2965632012359,40.4835905764117],[-74.2965290430568,40.4834488943264]]}},{"type":"Feature","id":165601,"properties":{"OBJECTID":165601,"PRIMENAME":"Wilmont Street","ELEVTYP_F":0,"ELEVTYP_T":0},"geometry":{"type":"LineString","coordinates":[[-74.2939666596668,40.484831637982],[-74.2943318328114,40.4840536572926],[-74.2950648139746,40.4824614615885]]}},{"type":"Feature","id":166342,"properties":{"OBJECTID":166342,"PRIMENAME":"Church Street","ELEVTYP_F":0,"ELEVTYP_T":0},"geometry":{"type":"LineString","coordinates":[[-74.2827427666937,40.4840602352157],[-74.2818207025813,40.485259001289]]}},{"type":"Feature","id":168586,"properties":{"OBJECTID":168586,"PRIMENAME":"Spinnaker Drive","ELEVTYP_F":0,"ELEVTYP_T":0},"geometry":{"type":"LineString","coordinates":[[-74.2735401420881,40.4827593560142],[-74.2733949062802,40.4828531749687],[-74.2731993331911,40.4829410444585],[-74.2729261362502,40.4830637903834],[-74.2728662654591,40.483090689951],[-74.2726871926611,40.4831711445554],[-74.2722105896644,40.48338527033]]}},{"type":"Feature","id":169183,"properties":{"OBJECTID":169183,"PRIMENAME":"4th Street","ELEVTYP_F":0,"ELEVTYP_T":0},"geometry":{"type":"LineString","coordinates":[[-74.2889201997646,40.4818848232884],[-74.2885190447844,40.4824045681241],[-74.2879823206539,40.4830924219856]]}},{"type":"Feature","id":172695,"properties":{"OBJECTID":172695,"PRIMENAME":"Potter Street","ELEVTYP_F":0,"ELEVTYP_T":0},"geometry":{"type":"LineString","coordinates":[[-74.2888471259724,40.4834863671027],[-74.2879823206539,40.4830924219856]]}},{"type":"Feature","id":172805,"properties":{"OBJECTID":172805,"PRIMENAME":"David Street","ELEVTYP_F":0,"ELEVTYP_T":0},"geometry":{"type":"LineString","coordinates":[[-74.2800190624535,40.4832569625848],[-74.2821030389663,40.4823127670778],[-74.2830387607597,40.48189397185]]}},{"type":"Feature","id":174566,"properties":{"OBJECTID":174566,"PRIMENAME":"Stevens Avenue South","ELEVTYP_F":0,"ELEVTYP_T":0},"geometry":{"type":"LineString","coordinates":[[-74.2806014716428,40.4787322152702],[-74.2808960512835,40.4791270582625]]}},{"type":"Feature","id":175187,"properties":{"OBJECTID":175187,"PRIMENAME":"Catherine Street","ELEVTYP_F":0,"ELEVTYP_T":0},"geometry":{"type":"LineString","coordinates":[[-74.2854466917111,40.476529387397],[-74.2860959813235,40.4762367226844],[-74.2871014749872,40.475784286265],[-74.2876665904282,40.4755359003413],[-74.2878220735972,40.4754675592814]]}},{"type":"Feature","id":178524,"properties":{"OBJECTID":178524,"PRIMENAME":"John Street","ELEVTYP_F":0,"ELEVTYP_T":0},"geometry":{"type":"LineString","coordinates":[[-74.2783633995237,40.4823095814842],[-74.2784995624997,40.4822488668978],[-74.278903639269,40.4820686879205],[-74.2790520138649,40.4820014682449]]}},{"type":"Feature","id":179023,"properties":{"OBJECTID":179023,"PRIMENAME":"David Street","ELEVTYP_F":0,"ELEVTYP_T":0},"geometry":{"type":"LineString","coordinates":[[-74.2878937386754,40.4797104417717],[-74.2879105860867,40.4797029235705],[-74.2895003622329,40.4789891563158],[-74.289605641546,40.4789370526641]]}},{"type":"Feature","id":180228,"properties":{"OBJECTID":180228,"PRIMENAME":"Mason Street","ELEVTYP_F":0,"ELEVTYP_T":0},"geometry":{"type":"LineString","coordinates":[[-74.2783633995237,40.4823095814842],[-74.2783282108392,40.4822201324024],[-74.2779296494019,40.481709128533],[-74.2778593950535,40.4816784683462]]}},{"type":"Feature","id":185368,"properties":{"OBJECTID":185368,"PRIMENAME":"Henry Street","ELEVTYP_F":0,"ELEVTYP_T":0},"geometry":{"type":"LineString","coordinates":[[-74.2893404300853,40.4782392767801],[-74.2874206903087,40.4791011401906]]}},{"type":"Feature","id":185499,"properties":{"OBJECTID":185499,"PRIMENAME":"Bordentown Avenue","ELEVTYP_F":0,"ELEVTYP_T":0},"geometry":{"type":"LineString","coordinates":[[-74.2834541982583,40.4772882714894],[-74.2831230159422,40.4775443620317],[-74.2830631471376,40.4775906557782],[-74.2829984547158,40.4776416219358]]}},{"type":"Feature","id":186190,"properties":{"OBJECTID":186190,"PRIMENAME":"Rosewell Street","ELEVTYP_F":0,"ELEVTYP_T":0},"geometry":{"type":"LineString","coordinates":[[-74.2754792098934,40.4827415075737],[-74.275491718098,40.4827629128751],[-74.275502456259,40.4827848714073],[-74.2755100218663,40.4828035308123],[-74.2755163088697,40.4828224649112],[-74.2755213003189,40.4828416226591],[-74.2755249827563,40.4828609524079],[-74.275527346253,40.482880402046],[-74.2755283844361,40.4828999191386],[-74.2755280945056,40.4829194510688],[-74.275526477242,40.4829389451798],[-74.2755235370041,40.4829583489165],[-74.2755192817175,40.4829776099677],[-74.2755137228532,40.4829966764066],[-74.2755068753965,40.4830154968311],[-74.2754987578065,40.4830340205022],[-74.2754893919671,40.4830521974812],[-74.2754788031269,40.4830699787636],[-74.2754670198322,40.483087316412]]}},{"type":"Feature","id":186579,"properties":{"OBJECTID":186579,"PRIMENAME":"Chevalier Avenue","ELEVTYP_F":0,"ELEVTYP_T":0},"geometry":{"type":"LineString","coordinates":[[-74.2970684107746,40.493515526773],[-74.2968815343253,40.4934723040848],[-74.2958723728494,40.4931591730478]]}},{"type":"Feature","id":186674,"properties":{"OBJECTID":186674,"PRIMENAME":"South Feltus Street","ELEVTYP_F":0,"ELEVTYP_T":0},"geometry":{"type":"LineString","coordinates":[[-74.2850895686763,40.4760602380413],[-74.2853690143897,40.4764255864269],[-74.2854466917111,40.476529387397]]}},{"type":"Feature","id":186770,"properties":{"OBJECTID":186770,"PRIMENAME":"Eulner Street","ELEVTYP_F":0,"ELEVTYP_T":0},"geometry":{"type":"LineString","coordinates":[[-74.2955101383618,40.4877232496367],[-74.2951248013987,40.4885680139675],[-74.2946120809929,40.4896794324029],[-74.2942124365471,40.4905394589051],[-74.2942010605327,40.4905794618633],[-74.2942159402135,40.4906166574665]]}},{"type":"Feature","id":187032,"properties":{"OBJECTID":187032,"PRIMENAME":"South Broadway Street","ELEVTYP_F":0,"ELEVTYP_T":0},"geometry":{"type":"LineString","coordinates":[[-74.2785568605479,40.4813557154127],[-74.278923212205,40.4818337959218],[-74.2790520138649,40.4820014682449]]}},{"type":"Feature","id":187902,"properties":{"OBJECTID":187902,"PRIMENAME":"Augusta Street","ELEVTYP_F":0,"ELEVTYP_T":0},"geometry":{"type":"LineString","coordinates":[[-74.288381950831,40.4803358004109],[-74.2869171764009,40.4809900759661]]}},{"type":"Feature","id":189104,"properties":{"OBJECTID":189104,"PRIMENAME":"Highland Street","ELEVTYP_F":0,"ELEVTYP_T":0},"geometry":{"type":"LineString","coordinates":[[-74.2857677388733,40.4705123868193],[-74.285700322196,40.4703610045858],[-74.2856565679686,40.4702627550645],[-74.2856509577425,40.4702524774136]]}},{"type":"Feature","id":190221,"properties":{"OBJECTID":190221,"PRIMENAME":"Catherine Street","ELEVTYP_F":0,"ELEVTYP_T":0},"geometry":{"type":"LineString","coordinates":[[-74.2881284438162,40.475151249969],[-74.2881215952241,40.4751568645826],[-74.2880381861909,40.4751947589823],[-74.2880081162142,40.4752031986253]]}},{"type":"Feature","id":190978,"properties":{"OBJECTID":190978,"PRIMENAME":"Bertram Avenue","ELEVTYP_F":0,"ELEVTYP_T":0},"geometry":{"type":"LineString","coordinates":[[-74.2899822768457,40.4762740737911],[-74.2904218984594,40.4766398377902],[-74.2906177347733,40.4767935365909]]}},{"type":"Feature","id":191539,"properties":{"OBJECTID":191539,"PRIMENAME":"Lefferts Street","ELEVTYP_F":0,"ELEVTYP_T":0},"geometry":{"type":"LineString","coordinates":[[-74.2859317506654,40.477171029817],[-74.2864850418637,40.4769193351209],[-74.2878011811485,40.4763377305547]]}},{"type":"Feature","id":193025,"properties":{"OBJECTID":193025,"PRIMENAME":"North Broadway Street","ELEVTYP_F":0,"ELEVTYP_T":0},"geometry":{"type":"LineString","coordinates":[[-74.2818207025813,40.485259001289],[-74.2819239447091,40.4853076475053],[-74.2821308452022,40.4853992862688],[-74.2822919543927,40.4854756852607]]}},{"type":"Feature","id":194337,"properties":{"OBJECTID":194337,"PRIMENAME":"South Broadway","ELEVTYP_F":0,"ELEVTYP_T":0},"geometry":{"type":"LineString","coordinates":[[-74.2795447470086,40.4826428498031],[-74.2798832657203,40.4830829366893],[-74.2800190624535,40.4832569625848]]}},{"type":"Feature","id":194395,"properties":{"OBJECTID":194395,"PRIMENAME":"South Feltus Street","ELEVTYP_F":0,"ELEVTYP_T":0},"geometry":{"type":"LineString","coordinates":[[-74.2859317506654,40.477171029817],[-74.2861074599566,40.477400134317],[-74.2863510729733,40.477711887422],[-74.2864357775203,40.4778202813228]]}},{"type":"Feature","id":194957,"properties":{"OBJECTID":194957,"PRIMENAME":"Grand Street","ELEVTYP_F":0,"ELEVTYP_T":0},"geometry":{"type":"LineString","coordinates":[[-74.2794776467395,40.4713632170021],[-74.2776854769672,40.4722034478884]]}},{"type":"Feature","id":195019,"properties":{"OBJECTID":195019,"PRIMENAME":"Barkalow Street","ELEVTYP_F":0,"ELEVTYP_T":0},"geometry":{"type":"LineString","coordinates":[[-74.2866531706719,40.4877077613112],[-74.2866373248645,40.4877224000951],[-74.2866227012755,40.4877377624896],[-74.2866093564445,40.4877537890995],[-74.2865973419669,40.4877704179618],[-74.2865867042952,40.4877875847847],[-74.2865774845584,40.4878052231966],[-74.2865697184038,40.4878232650023],[-74.2865634358587,40.4878416404474],[-74.2865495425907,40.4879146083922],[-74.2865493243907,40.4879834829959],[-74.2866603479775,40.4883479399721]]}},{"type":"Feature","id":195848,"properties":{"OBJECTID":195848,"PRIMENAME":"Laurel Street","ELEVTYP_F":0,"ELEVTYP_T":0},"geometry":{"type":"LineString","coordinates":[[-74.2976124809268,40.4873538043186],[-74.2973778139103,40.4878780704998],[-74.2971552309385,40.4884124327446],[-74.297087337356,40.4885714761325]]}},{"type":"Feature","id":196735,"properties":{"OBJECTID":196735,"PRIMENAME":"Washington Road","ELEVTYP_F":0,"ELEVTYP_T":0},"geometry":{"type":"LineString","coordinates":[[-74.297484753195,40.4744634529168],[-74.2974235047525,40.4745213230785],[-74.2973370839515,40.4746183771393],[-74.2972506112119,40.4747326160618],[-74.2970777346985,40.4749496449528],[-74.2968822501972,40.475200921027],[-74.2967732054375,40.4753494341072]]}},{"type":"Feature","id":197717,"properties":{"OBJECTID":197717,"PRIMENAME":"Orchard Street","ELEVTYP_F":0,"ELEVTYP_T":0},"geometry":{"type":"LineString","coordinates":[[-74.2917730542804,40.4740432903644],[-74.2921793938576,40.4742194365763],[-74.2926281437594,40.4744248785587],[-74.2929224856277,40.4745596306146],[-74.2932598642426,40.4747192326729]]}},{"type":"Feature","id":197918,"properties":{"OBJECTID":197918,"PRIMENAME":"Harkins Street","ELEVTYP_F":0,"ELEVTYP_T":0},"geometry":{"type":"LineString","coordinates":[[-74.2932394398258,40.4722949885305],[-74.2927743865861,40.4728866675628]]}},{"type":"Feature","id":198918,"properties":{"OBJECTID":198918,"PRIMENAME":"Washington Avenue","ELEVTYP_F":0,"ELEVTYP_T":0},"geometry":{"type":"LineString","coordinates":[[-74.2910225520772,40.4794475836469],[-74.2908918924394,40.4795460631656],[-74.2906110153299,40.4797316743584],[-74.2903478887685,40.4799195416267]]}},{"type":"Feature","id":200441,"properties":{"OBJECTID":200441,"PRIMENAME":"Main Street","ELEVTYP_F":0,"ELEVTYP_T":0},"geometry":{"type":"LineString","coordinates":[[-74.2973664081738,40.4761996572761],[-74.2971772616992,40.4761718192367],[-74.2968455775214,40.4761216594904],[-74.2965893130043,40.47607130191]]}},{"type":"Feature","id":201932,"properties":{"OBJECTID":201932,"PRIMENAME":"South Pine Avenue","ELEVTYP_F":0,"ELEVTYP_T":0},"geometry":{"type":"LineString","coordinates":[[-74.2790068792777,40.4707790293963],[-74.2791686895502,40.4709810521956],[-74.2794776467395,40.4713632170021]]}},{"type":"Feature","id":201945,"properties":{"OBJECTID":201945,"PRIMENAME":"Thomas Road","ELEVTYP_F":0,"ELEVTYP_T":0},"geometry":{"type":"LineString","coordinates":[[-74.2911402033534,40.4748019153602],[-74.2909813355338,40.4750018645749],[-74.2905638906151,40.4755305922565]]}},{"type":"Feature","id":204901,"properties":{"OBJECTID":204901,"PRIMENAME":"Main Street","ELEVTYP_F":0,"ELEVTYP_T":0},"geometry":{"type":"LineString","coordinates":[[-74.2935626850104,40.4939881085342],[-74.2938846932266,40.4941379080836],[-74.2940283108379,40.4942073695919],[-74.2943589812227,40.49435916014],[-74.294656719253,40.4944980986545],[-74.2949744814298,40.4946739942335],[-74.2951406069745,40.4947686120068]]}},{"type":"Feature","id":205500,"properties":{"OBJECTID":205500,"PRIMENAME":"Hillcrest Avenue","ELEVTYP_F":0,"ELEVTYP_T":0},"geometry":{"type":"LineString","coordinates":[[-74.2882573313958,40.4705227373799],[-74.2882521437445,40.4706177098195],[-74.2875289822794,40.4709317998172]]}},{"type":"Feature","id":205872,"properties":{"OBJECTID":205872,"PRIMENAME":"5th Street","ELEVTYP_F":0,"ELEVTYP_T":0},"geometry":{"type":"LineString","coordinates":[[-74.2899249100801,40.4820966842978],[-74.2898338987571,40.4822143505813],[-74.2897833384812,40.4822797194087]]}},{"type":"Feature","id":206725,"properties":{"OBJECTID":206725,"PRIMENAME":"FR US 9 NB to CO 684","ELEVTYP_F":0,"ELEVTYP_T":0},"geometry":{"type":"LineString","coordinates":[[-74.2908885052027,40.478042571208],[-74.290998726506,40.4782504956197],[-74.2910332642431,40.4783035937321],[-74.2910505337204,40.4783301432356],[-74.2911121551449,40.4784097815453],[-74.2912224348494,40.4785417751444],[-74.2913749261252,40.4787060722372],[-74.2915308440811,40.4788609456624]]}},{"type":"Feature","id":208359,"properties":{"OBJECTID":208359,"PRIMENAME":"FR CHEVALIER AVE TO NJ 35 NB","ELEVTYP_F":0,"ELEVTYP_T":0},"geometry":{"type":"LineString","coordinates":[[-74.2977387529249,40.4968403165596],[-74.2976994492139,40.496902430082],[-74.2976411078737,40.4970461561218],[-74.2976001053835,40.4972067155793],[-74.2975899948147,40.4973433344976],[-74.2975984315722,40.4976934355791]]}},{"type":"Feature","id":209563,"properties":{"OBJECTID":209563,"PRIMENAME":"South Pine Avenue","ELEVTYP_F":0,"ELEVTYP_T":0},"geometry":{"type":"LineString","coordinates":[[-74.2787225997004,40.4704255156296],[-74.2788487212475,40.4705816264076],[-74.2790068792777,40.4707790293963]]}},{"type":"Feature","id":209933,"properties":{"OBJECTID":209933,"PRIMENAME":"Raritan Street","ELEVTYP_F":0,"ELEVTYP_T":0},"geometry":{"type":"LineString","coordinates":[[-74.2966511779936,40.4831966940404],[-74.2965610449434,40.483387844458],[-74.2965290430568,40.4834488943264]]}},{"type":"Feature","id":212069,"properties":{"OBJECTID":212069,"PRIMENAME":"Wilmont Street","ELEVTYP_F":0,"ELEVTYP_T":0},"geometry":{"type":"LineString","coordinates":[[-74.2935210849572,40.4857043996604],[-74.2936367693464,40.4855090706492],[-74.293796031212,40.4851951734186],[-74.2939666596668,40.484831637982]]}},{"type":"Feature","id":212437,"properties":{"OBJECTID":212437,"PRIMENAME":"FR RT 35 SB to CATHERINE ST","ELEVTYP_F":0,"ELEVTYP_T":0},"geometry":{"type":"LineString","coordinates":[[-74.2879927387097,40.4753444404205],[-74.2879973254989,40.4753170082873],[-74.2880350156666,40.4752541311319]]}},{"type":"Feature","id":213230,"properties":{"OBJECTID":213230,"PRIMENAME":"Manor Street","ELEVTYP_F":0,"ELEVTYP_T":0},"geometry":{"type":"LineString","coordinates":[[-74.2771853729611,40.473254917777],[-74.2781668730657,40.4727905981011]]}},{"type":"Feature","id":214291,"properties":{"OBJECTID":214291,"PRIMENAME":"FR CO 535 NB to US 9 NB","ELEVTYP_F":0,"ELEVTYP_T":0},"geometry":{"type":"LineString","coordinates":[[-74.2966149317687,40.4843834493593],[-74.2966191428607,40.4844123211765],[-74.29663060688,40.4844615348577],[-74.2966456452477,40.4845059499458],[-74.2966672652089,40.4845492787381],[-74.2966809456443,40.4845695463265],[-74.2966957617186,40.4845893429987],[-74.2967116856852,40.4846086316792],[-74.2967286877226,40.4846273762442],[-74.2968205478425,40.4847192165496],[-74.2969106627974,40.4848120594376],[-74.2969557496002,40.4848643899753],[-74.296997682343,40.484918227687]]}},{"type":"Feature","id":214306,"properties":{"OBJECTID":214306,"PRIMENAME":"Campbell Street","ELEVTYP_F":0,"ELEVTYP_T":0},"geometry":{"type":"LineString","coordinates":[[-74.2897989424892,40.4751556725224],[-74.2905262157583,40.4742469235902]]}},{"type":"Feature","id":214349,"properties":{"OBJECTID":214349,"PRIMENAME":"Prospect Street","ELEVTYP_F":0,"ELEVTYP_T":0},"geometry":{"type":"LineString","coordinates":[[-74.2870456919644,40.4716055018082],[-74.2870573169502,40.4716236404094],[-74.2872343246739,40.4718706999699],[-74.2879334672869,40.4729450333459],[-74.2882829498249,40.4734789455721]]}},{"type":"Feature","id":214597,"properties":{"OBJECTID":214597,"PRIMENAME":"South Pine Avenue","ELEVTYP_F":0,"ELEVTYP_T":0},"geometry":{"type":"LineString","coordinates":[[-74.2801780803708,40.4722845637949],[-74.2802202702839,40.4723472823117],[-74.2802943881798,40.4724360637478]]}},{"type":"Feature","id":215403,"properties":{"OBJECTID":215403,"PRIMENAME":"Garden State Parkway Express","ELEVTYP_F":1,"ELEVTYP_T":0},"geometry":{"type":"LineString","coordinates":[[-74.2956077253416,40.4719670390033],[-74.2957045084755,40.4720682587096],[-74.296199102271,40.4725623792659]]}},{"type":"Feature","id":215906,"properties":{"OBJECTID":215906,"PRIMENAME":"Stevens Avenue North","ELEVTYP_F":0,"ELEVTYP_T":0},"geometry":{"type":"LineString","coordinates":[[-74.2882751530744,40.4842230766041],[-74.2889714586068,40.4845159661691],[-74.2891583070534,40.484595146828]]}},{"type":"Feature","id":216535,"properties":{"OBJECTID":216535,"PRIMENAME":"FR RT 35 SB to CATHERINE ST","ELEVTYP_F":0,"ELEVTYP_T":0},"geometry":{"type":"LineString","coordinates":[[-74.2880350156666,40.4752541311319],[-74.2881284438162,40.475151249969]]}},{"type":"Feature","id":217339,"properties":{"OBJECTID":217339,"PRIMENAME":"FR US 9 NB to RARITAN ST","ELEVTYP_F":0,"ELEVTYP_T":0},"geometry":{"type":"LineString","coordinates":[[-74.2966629547715,40.4842793071262],[-74.2966227144169,40.4840508482371],[-74.2965819036143,40.4837668471403],[-74.2965632012359,40.4835905764117]]}},{"type":"Feature","id":218054,"properties":{"OBJECTID":218054,"PRIMENAME":"North Pine Avenue","ELEVTYP_F":0,"ELEVTYP_T":0},"geometry":{"type":"LineString","coordinates":[[-74.2859811513676,40.4805651007709],[-74.2856480949146,40.4801282542256],[-74.2855124346524,40.4799539604033]]}},{"type":"Feature","id":219006,"properties":{"OBJECTID":219006,"PRIMENAME":"Fouratt Avenue","ELEVTYP_F":0,"ELEVTYP_T":0},"geometry":{"type":"LineString","coordinates":[[-74.2950349695847,40.4908548261206],[-74.2952787264777,40.4909216626888],[-74.2959041570859,40.4910947788445]]}},{"type":"Feature","id":219359,"properties":{"OBJECTID":219359,"PRIMENAME":"Division Street","ELEVTYP_F":0,"ELEVTYP_T":0},"geometry":{"type":"LineString","coordinates":[[-74.288949439176,40.4729495011089],[-74.2887196597933,40.4726201584829],[-74.2882000628269,40.4718754664034],[-74.2880970286284,40.4717342434428]]}},{"type":"Feature","id":219716,"properties":{"OBJECTID":219716,"PRIMENAME":"Conover Street","ELEVTYP_F":0,"ELEVTYP_T":0},"geometry":{"type":"LineString","coordinates":[[-74.2939686891105,40.4868725128581],[-74.2936274285686,40.4876314277756],[-74.2932885765569,40.4883294594962]]}},{"type":"Feature","id":222076,"properties":{"OBJECTID":222076,"PRIMENAME":"Feltus Street North","ELEVTYP_F":0,"ELEVTYP_T":0},"geometry":{"type":"LineString","coordinates":[[-74.2893215352058,40.4813627167763],[-74.2894603948545,40.4815295447653],[-74.2897921826102,40.4819336561008],[-74.2898408177652,40.4819934511699]]}},{"type":"Feature","id":222872,"properties":{"OBJECTID":222872,"PRIMENAME":"FR GSP SB TO US 9 SB","ELEVTYP_F":1,"ELEVTYP_T":0},"geometry":{"type":"LineString","coordinates":[[-74.2983275476783,40.4737854494177],[-74.2980709992486,40.4733194685153],[-74.2977541870102,40.4728247116511],[-74.2976187191144,40.4726031694949]]}},{"type":"Feature","id":224203,"properties":{"OBJECTID":224203,"PRIMENAME":"FR CO RARITAN ST NB to RAMP B113050","ELEVTYP_F":0,"ELEVTYP_T":0},"geometry":{"type":"LineString","coordinates":[[-74.2965290430568,40.4834488943264],[-74.2965214895883,40.4835929734248],[-74.2965359639624,40.483719788323]]}},{"type":"Feature","id":224678,"properties":{"OBJECTID":224678,"PRIMENAME":"Cross Avenue","ELEVTYP_F":0,"ELEVTYP_T":0},"geometry":{"type":"LineString","coordinates":[[-74.2993774051632,40.4855127535618],[-74.299087908056,40.4854295401152],[-74.2987995285783,40.4853337271251],[-74.2986203112649,40.4852589398201],[-74.2984995712815,40.485190238009],[-74.2983788663574,40.4850976810519],[-74.2982427745223,40.4849574689049],[-74.298102790542,40.484808273181],[-74.2980016000634,40.4847306562975],[-74.2978847813371,40.484661933673],[-74.2977483948232,40.484596168595],[-74.2976081796111,40.4845363534418],[-74.2974991630522,40.4844676440877],[-74.2974096683945,40.4843870543676],[-74.2973591899966,40.4843035410839],[-74.2973283153262,40.4842052116055],[-74.2972278889788,40.4838624974517],[-74.2972242658733,40.4837761284269],[-74.2972517960797,40.4836957447263],[-74.2972988561582,40.4836124294834],[-74.2973732839904,40.4835261711974],[-74.2974359468459,40.4834309696647],[-74.297443900396,40.4833803355618],[-74.2974480258727,40.4833118243734],[-74.2973635879016,40.4828410501542],[-74.297350531655,40.4827881816697]]}},{"type":"Feature","id":224971,"properties":{"OBJECTID":224971,"PRIMENAME":"Main Street","ELEVTYP_F":0,"ELEVTYP_T":0},"geometry":{"type":"LineString","coordinates":[[-74.2951406069745,40.4947686120068],[-74.2952399666794,40.4948252000687],[-74.2954691616072,40.4949794158312],[-74.2956782302847,40.4951305207989],[-74.2958832902665,40.4952877678201],[-74.2961127575744,40.4954781116254],[-74.2962270476561,40.4955911848833],[-74.2965950408758,40.4959552470826]]}},{"type":"Feature","id":225118,"properties":{"OBJECTID":225118,"PRIMENAME":"Main Street","ELEVTYP_F":0,"ELEVTYP_T":0},"geometry":{"type":"LineString","coordinates":[[-74.2959778342176,40.4759538576591],[-74.2957972637188,40.4759196091698],[-74.2955363212973,40.4758831314824],[-74.2954388603656,40.4758733510656],[-74.2954315717848,40.4758733381662]]}},{"type":"Feature","id":226443,"properties":{"OBJECTID":226443,"PRIMENAME":"FR CO RARITAN ST NB to RAMP B113050","ELEVTYP_F":0,"ELEVTYP_T":0},"geometry":{"type":"LineString","coordinates":[[-74.2965697392798,40.4840156906379],[-74.2965809985709,40.4841143244387]]}},{"type":"Feature","id":226659,"properties":{"OBJECTID":226659,"PRIMENAME":"Bertram Avenue","ELEVTYP_F":0,"ELEVTYP_T":0},"geometry":{"type":"LineString","coordinates":[[-74.2872874130126,40.4742185251852],[-74.2873526465707,40.4742672344805]]}},{"type":"Feature","id":227388,"properties":{"OBJECTID":227388,"PRIMENAME":"Wessco Street","ELEVTYP_F":0,"ELEVTYP_T":0},"geometry":{"type":"LineString","coordinates":[[-74.2763563170353,40.4720592895333],[-74.2772221388802,40.4716365631976]]}},{"type":"Feature","id":228657,"properties":{"OBJECTID":228657,"PRIMENAME":"North Broadway Street","ELEVTYP_F":0,"ELEVTYP_T":0},"geometry":{"type":"LineString","coordinates":[[-74.2804966235636,40.483870585077],[-74.2809386114528,40.4844479020326],[-74.2812758588935,40.4848865818209],[-74.2814107890263,40.4850419919025],[-74.2815062509553,40.4851060525292],[-74.2816255968192,40.4851671374806],[-74.2817489066928,40.4852251550312],[-74.2818207025813,40.485259001289]]}},{"type":"Feature","id":228727,"properties":{"OBJECTID":228727,"PRIMENAME":"Raritan Street","ELEVTYP_F":0,"ELEVTYP_T":0},"geometry":{"type":"LineString","coordinates":[[-74.2947459020376,40.4872848699452],[-74.2944351649814,40.4879407612462],[-74.294226514795,40.4884259500359],[-74.2938875908819,40.4891481950034],[-74.2936268591528,40.4897189642076],[-74.2932939209624,40.49037308419],[-74.2930680023325,40.4908560431447],[-74.2926507192693,40.4917956132542],[-74.2923726174336,40.4923839168237],[-74.2919794166393,40.4932507816444]]}},{"type":"Feature","id":229268,"properties":{"OBJECTID":229268,"PRIMENAME":"Manor Street","ELEVTYP_F":0,"ELEVTYP_T":0},"geometry":{"type":"LineString","coordinates":[[-74.2781668730657,40.4727905981011],[-74.2799407521722,40.4719513400385]]}},{"type":"Feature","id":229276,"properties":{"OBJECTID":229276,"PRIMENAME":"Washington Avenue","ELEVTYP_F":0,"ELEVTYP_T":0},"geometry":{"type":"LineString","coordinates":[[-74.2954315717848,40.4758733381662],[-74.2953759521293,40.4758732397148],[-74.2952216184653,40.4759474146768],[-74.2947614871122,40.4762420311318],[-74.2944117309279,40.4764599774308],[-74.2941123450363,40.4766515769623],[-74.2938475825943,40.4768288525301],[-74.2938136806002,40.4768535261921]]}},{"type":"Feature","id":229566,"properties":{"OBJECTID":229566,"PRIMENAME":"Cedar Street","ELEVTYP_F":0,"ELEVTYP_T":0},"geometry":{"type":"LineString","coordinates":[[-74.2912837852465,40.4850004259539],[-74.291007434599,40.485377382966]]}},{"type":"Feature","id":230129,"properties":{"OBJECTID":230129,"PRIMENAME":"Reese Court","ELEVTYP_F":0,"ELEVTYP_T":0},"geometry":{"type":"LineString","coordinates":[[-74.2712791739521,40.481217051081],[-74.2709144057201,40.4807449882229]]}},{"type":"Feature","id":232237,"properties":{"OBJECTID":232237,"PRIMENAME":"Cross Avenue","ELEVTYP_F":0,"ELEVTYP_T":0},"geometry":{"type":"LineString","coordinates":[[-74.297350531655,40.4827881816697],[-74.2973138265084,40.4826395523434],[-74.2972709391042,40.4825311263638],[-74.2972414996752,40.4824935480096],[-74.2971970138189,40.482462477347],[-74.2970291395207,40.4823846326816]]}},{"type":"Feature","id":232243,"properties":{"OBJECTID":232243,"PRIMENAME":"Cedar Street","ELEVTYP_F":0,"ELEVTYP_T":0},"geometry":{"type":"LineString","coordinates":[[-74.2903478887685,40.4799195416267],[-74.2907566111436,40.4804267881572],[-74.2912754672682,40.4810582296425],[-74.2914195624726,40.4812306648866]]}},{"type":"Feature","id":233293,"properties":{"OBJECTID":233293,"PRIMENAME":"South Feltus Street","ELEVTYP_F":0,"ELEVTYP_T":0},"geometry":{"type":"LineString","coordinates":[[-74.2818675881995,40.4718733245153],[-74.2834773092365,40.4739658159847]]}},{"type":"Feature","id":233507,"properties":{"OBJECTID":233507,"PRIMENAME":"FR GSP NB TO GSP EXPRESS NB","ELEVTYP_F":1,"ELEVTYP_T":0},"geometry":{"type":"LineString","coordinates":[[-74.2956543424559,40.4719091439122],[-74.2957316747008,40.4719879015817],[-74.2957940335321,40.4720577956197],[-74.2958552867322,40.4721282575925],[-74.2959154254303,40.4721992772997],[-74.2959744409168,40.4722708444601],[-74.2960323246448,40.4723429487131],[-74.296089068231,40.4724155796206],[-74.296144663457,40.4724887266679],[-74.296199102271,40.4725623792659]]}},{"type":"Feature","id":233931,"properties":{"OBJECTID":233931,"PRIMENAME":"FR GSP SB TO US 9 SB","ELEVTYP_F":0,"ELEVTYP_T":0},"geometry":{"type":"LineString","coordinates":[[-74.2976187191144,40.4726031694949],[-74.2975423269351,40.4724782382585],[-74.2970598697431,40.4716934294833],[-74.2970242473405,40.4716225364466],[-74.2969719292977,40.471496882446],[-74.296930102398,40.4713873430113],[-74.2969072446991,40.4712778377912],[-74.2968886636296,40.4711490223444],[-74.2968847568562,40.4710459899596],[-74.2968850818056,40.4709381358002],[-74.2969045175133,40.4707836307646],[-74.296923871875,40.4706564922975],[-74.2969600343052,40.4705470898497],[-74.2970131367866,40.4704119625565],[-74.2970725162855,40.4702929424193],[-74.2972630980852,40.4700019058349],[-74.297375277242,40.4697775947207],[-74.2974121010476,40.4697039620294],[-74.2974650060549,40.4695358081494],[-74.2975266186418,40.4693693926942]]}},{"type":"Feature","id":234895,"properties":{"OBJECTID":234895,"PRIMENAME":"Washington Street","ELEVTYP_F":0,"ELEVTYP_T":0},"geometry":{"type":"LineString","coordinates":[[-74.2918176501471,40.4786916893968],[-74.2917567956587,40.4787589454307]]}},{"type":"Feature","id":235258,"properties":{"OBJECTID":235258,"PRIMENAME":"FR US 9 NB to CO 684","ELEVTYP_F":0,"ELEVTYP_T":0},"geometry":{"type":"LineString","coordinates":[[-74.2915308440811,40.4788609456624],[-74.2915976664482,40.4789273204373]]}},{"type":"Feature","id":235484,"properties":{"OBJECTID":235484,"PRIMENAME":"Laurel Street","ELEVTYP_F":0,"ELEVTYP_T":0},"geometry":{"type":"LineString","coordinates":[[-74.2959041570859,40.4910947788445],[-74.2964503055597,40.4899004015977]]}},{"type":"Feature","id":239299,"properties":{"OBJECTID":239299,"PRIMENAME":"Grover Avenue","ELEVTYP_F":0,"ELEVTYP_T":0},"geometry":{"type":"LineString","coordinates":[[-74.287505227514,40.4695164151616],[-74.2882573313958,40.4705227373799]]}},{"type":"Feature","id":239417,"properties":{"OBJECTID":239417,"PRIMENAME":"Division Street","ELEVTYP_F":0,"ELEVTYP_T":0},"geometry":{"type":"LineString","coordinates":[[-74.2877993070293,40.4713261686759],[-74.2875289822794,40.4709317998172]]}},{"type":"Feature","id":239719,"properties":{"OBJECTID":239719,"PRIMENAME":"Hilltop Avenue","ELEVTYP_F":0,"ELEVTYP_T":0},"geometry":{"type":"LineString","coordinates":[[-74.2951397478425,40.4746399789323],[-74.2945952330769,40.475343580299],[-74.2942109782358,40.4757241419074],[-74.2939059042363,40.4760249877259],[-74.2937452249475,40.4761753818377],[-74.2936753116764,40.476267465861],[-74.2935937245788,40.4763683966452],[-74.2935470889746,40.476430353588],[-74.2935306613029,40.4764888231793],[-74.2935351357147,40.4765420316713],[-74.2935512469868,40.4765988022441],[-74.2936322453383,40.4766787206168],[-74.2938136806002,40.4768535261921]]}},{"type":"Feature","id":239790,"properties":{"OBJECTID":239790,"PRIMENAME":"Main Street","ELEVTYP_F":0,"ELEVTYP_T":0},"geometry":{"type":"LineString","coordinates":[[-74.2924286269695,40.4934605990085],[-74.292658030023,40.4935677465071],[-74.2932667100925,40.4938504321314],[-74.2935626850104,40.4939881085342]]}},{"type":"Feature","id":239893,"properties":{"OBJECTID":239893,"PRIMENAME":"Oak Street","ELEVTYP_F":0,"ELEVTYP_T":0},"geometry":{"type":"LineString","coordinates":[[-74.2951406069745,40.4947686120068],[-74.2955582827152,40.4938245597347],[-74.2958723728494,40.4931591730478]]}},{"type":"Feature","id":239894,"properties":{"OBJECTID":239894,"PRIMENAME":"State Highway 35","ELEVTYP_F":0,"ELEVTYP_T":0},"geometry":{"type":"LineString","coordinates":[[-74.298415173857,40.4955785523053],[-74.2981817009954,40.4953202903224],[-74.298113890703,40.4952414589751],[-74.2980507648523,40.4951603920089],[-74.2979924496673,40.4950772515441],[-74.2979390617504,40.4949922038471],[-74.297841165478,40.4948060476397],[-74.2977980239644,40.4947024093941],[-74.2977467888315,40.4945770679462],[-74.2976898012187,40.4944212173991],[-74.2976399856257,40.4938835662947],[-74.2975383530671,40.4930726220658]]}},{"type":"Feature","id":241638,"properties":{"OBJECTID":241638,"PRIMENAME":"FR NJ 35 SB to CO 684","ELEVTYP_F":0,"ELEVTYP_T":0},"geometry":{"type":"LineString","coordinates":[[-74.2979304863042,40.4968208128342],[-74.2977973023731,40.4967477845372]]}},{"type":"Feature","id":242089,"properties":{"OBJECTID":242089,"PRIMENAME":"Feltus Street","ELEVTYP_F":0,"ELEVTYP_T":0},"geometry":{"type":"LineString","coordinates":[[-74.2850306740497,40.4759849660426],[-74.2850411272241,40.4759985742616],[-74.2850595654237,40.4760219971364],[-74.2850871341413,40.4760569939312],[-74.2850895686763,40.4760602380413]]}},{"type":"Feature","id":242632,"properties":{"OBJECTID":242632,"PRIMENAME":"Elm Street","ELEVTYP_F":0,"ELEVTYP_T":0},"geometry":{"type":"LineString","coordinates":[[-74.2921888693735,40.4808698570117],[-74.2920419608482,40.4806883311553],[-74.2916406537816,40.4801976562105],[-74.2910616174045,40.4794979456932],[-74.2910225520772,40.4794475836469]]}},{"type":"Feature","id":242980,"properties":{"OBJECTID":242980,"PRIMENAME":"John T Oleary Boulevard","ELEVTYP_F":0,"ELEVTYP_T":0},"geometry":{"type":"LineString","coordinates":[[-74.2741562394252,40.4830500918032],[-74.2741221706059,40.483043693822],[-74.2740883799294,40.4830364869856],[-74.2740549003251,40.4830284783172],[-74.2740217644195,40.4830196756214],[-74.2739890045038,40.4830100874766],[-74.2739566525028,40.4829997232266],[-74.273924739944,40.4829885929715],[-74.2738932979263,40.4829767075578],[-74.2738623570902,40.4829640785682],[-74.2738319475877,40.4829507183096],[-74.2738020990528,40.4829366398019],[-74.273772840573,40.4829218567647],[-74.2737442006606,40.4829063836043],[-74.2737162072251,40.4828902353995],[-74.2736888875459,40.4828734278867],[-74.2736622682458,40.4828559774452],[-74.2735776951939,40.4827962420869],[-74.2735401420881,40.4827593560142]]}},{"type":"Feature","id":243990,"properties":{"OBJECTID":243990,"PRIMENAME":"FR GSP NB TO GSP EXPRESS NB","ELEVTYP_F":1,"ELEVTYP_T":1},"geometry":{"type":"LineString","coordinates":[[-74.2931331619222,40.4695964605026],[-74.2932362765989,40.4696815245274],[-74.293494686416,40.469879774221],[-74.2938369369732,40.4701782335392],[-74.2941823680939,40.4704838620516],[-74.2946490900031,40.4709160084147],[-74.2948701573888,40.4711250510238],[-74.2950877819772,40.4713361904699],[-74.2955618171043,40.471814876493]]}},{"type":"Feature","id":244035,"properties":{"OBJECTID":244035,"PRIMENAME":"Washington Avenue","ELEVTYP_F":0,"ELEVTYP_T":0},"geometry":{"type":"LineString","coordinates":[[-74.2896811300887,40.4804130865004],[-74.2895880287431,40.4804905499172],[-74.2894048012675,40.4806367791155],[-74.2892306157788,40.4807993034696],[-74.2890183383585,40.4810028521625]]}},{"type":"Feature","id":244268,"properties":{"OBJECTID":244268,"PRIMENAME":"North Broadway Street","ELEVTYP_F":0,"ELEVTYP_T":0},"geometry":{"type":"LineString","coordinates":[[-74.2822919543927,40.4854756852607],[-74.282401372292,40.4855275822599],[-74.2829066162435,40.4857627744802],[-74.2831725188606,40.4858877654575]]}},{"type":"Feature","id":246961,"properties":{"OBJECTID":246961,"PRIMENAME":"South Feltus Street","ELEVTYP_F":0,"ELEVTYP_T":0},"geometry":{"type":"LineString","coordinates":[[-74.2854466917111,40.476529387397],[-74.2857271532571,40.4769043717653],[-74.2859317506654,40.477171029817]]}},{"type":"Feature","id":247304,"properties":{"OBJECTID":247304,"PRIMENAME":"Gordon Street","ELEVTYP_F":0,"ELEVTYP_T":0},"geometry":{"type":"LineString","coordinates":[[-74.2830642719548,40.4767721395222],[-74.282248110646,40.477125414355]]}},{"type":"Feature","id":250047,"properties":{"OBJECTID":250047,"PRIMENAME":"South Broadway Street","ELEVTYP_F":0,"ELEVTYP_T":0},"geometry":{"type":"LineString","coordinates":[[-74.2775721145624,40.4800801145849],[-74.277572502082,40.4800806304934],[-74.2778175246796,40.4804158440338],[-74.2780595040431,40.4807267836096]]}},{"type":"Feature","id":250349,"properties":{"OBJECTID":250349,"PRIMENAME":"John T Oleary Boulevard","ELEVTYP_F":0,"ELEVTYP_T":0},"geometry":{"type":"LineString","coordinates":[[-74.2735401420881,40.4827593560142],[-74.2734931652426,40.4827132010531],[-74.2734087040113,40.4826094338082],[-74.2731553503827,40.482290363786],[-74.2730255703859,40.4821182905984]]}},{"type":"Feature","id":251798,"properties":{"OBJECTID":251798,"PRIMENAME":"Feltus Street North","ELEVTYP_F":0,"ELEVTYP_T":0},"geometry":{"type":"LineString","coordinates":[[-74.2899249100801,40.4820966842978],[-74.2902126297581,40.4824421604757],[-74.2902571103265,40.4824970069465]]}},{"type":"Feature","id":252103,"properties":{"OBJECTID":252103,"PRIMENAME":"Stevens Avenue South","ELEVTYP_F":0,"ELEVTYP_T":0},"geometry":{"type":"LineString","coordinates":[[-74.2827116802511,40.4814695911427],[-74.2830387607597,40.48189397185]]}},{"type":"Feature","id":252683,"properties":{"OBJECTID":252683,"PRIMENAME":"Conlogue Avenue","ELEVTYP_F":0,"ELEVTYP_T":0},"geometry":{"type":"LineString","coordinates":[[-74.2905638906151,40.4755305922565],[-74.2911275121243,40.4756586575056],[-74.2914385577416,40.4757316356236]]}},{"type":"Feature","id":252765,"properties":{"OBJECTID":252765,"PRIMENAME":"Davis Lane","ELEVTYP_F":0,"ELEVTYP_T":0},"geometry":{"type":"LineString","coordinates":[[-74.2931963990286,40.4773377367393],[-74.2927012281372,40.477132144458],[-74.2917530954631,40.4766988766566]]}},{"type":"Feature","id":253042,"properties":{"OBJECTID":253042,"PRIMENAME":"2nd Street","ELEVTYP_F":0,"ELEVTYP_T":0},"geometry":{"type":"LineString","coordinates":[[-74.2831725188606,40.4858877654575],[-74.2841003714079,40.4846730231949]]}},{"type":"Feature","id":254075,"properties":{"OBJECTID":254075,"PRIMENAME":"Feltus Street North","ELEVTYP_F":0,"ELEVTYP_T":0},"geometry":{"type":"LineString","coordinates":[[-74.2890183383585,40.4810028521625],[-74.2891551339423,40.4811627869093],[-74.2893215352058,40.4813627167763]]}},{"type":"Feature","id":257268,"properties":{"OBJECTID":257268,"PRIMENAME":"Orchard Street","ELEVTYP_F":0,"ELEVTYP_T":0},"geometry":{"type":"LineString","coordinates":[[-74.2907865882387,40.4735722817074],[-74.2909913950112,40.47367079175]]}},{"type":"Feature","id":257769,"properties":{"OBJECTID":257769,"PRIMENAME":"Woodland Avenue","ELEVTYP_F":0,"ELEVTYP_T":0},"geometry":{"type":"LineString","coordinates":[[-74.2756483573189,40.4697070048354],[-74.2759300174595,40.470053412398],[-74.276130491894,40.47029902412]]}},{"type":"Feature","id":257987,"properties":{"OBJECTID":257987,"PRIMENAME":"South Rosewell Avenue","ELEVTYP_F":0,"ELEVTYP_T":0},"geometry":{"type":"LineString","coordinates":[[-74.2759534411348,40.4833810013835],[-74.275889275528,40.4833135393122],[-74.2758215523358,40.4832564465042],[-74.2757368877371,40.4832018731813],[-74.2756455020043,40.4831576917701],[-74.2755507006317,40.4831134757338],[-74.2754670198322,40.483087316412]]}},{"type":"Feature","id":261038,"properties":{"OBJECTID":261038,"PRIMENAME":"North Pine Avenue","ELEVTYP_F":0,"ELEVTYP_T":0},"geometry":{"type":"LineString","coordinates":[[-74.2817556199319,40.4747595202525],[-74.2817697380502,40.4748509874786],[-74.2818155199373,40.4749887422669],[-74.2818567172627,40.475110621896],[-74.2819117845143,40.4752342298785],[-74.2819853336039,40.4753561425741],[-74.2820436381797,40.4754346816201]]}},{"type":"Feature","id":261541,"properties":{"OBJECTID":261541,"PRIMENAME":"Raritan Street","ELEVTYP_F":0,"ELEVTYP_T":0},"geometry":{"type":"LineString","coordinates":[[-74.2962326879909,40.4840801658937],[-74.2960629856798,40.4844393418961],[-74.2958226440259,40.4849376542228],[-74.2956951331457,40.4852296484482],[-74.2956705611053,40.4852824217609]]}},{"type":"Feature","id":261639,"properties":{"OBJECTID":261639,"PRIMENAME":"David Street","ELEVTYP_F":0,"ELEVTYP_T":0},"geometry":{"type":"LineString","coordinates":[[-74.289605641546,40.4789370526641],[-74.289696259177,40.4790066231675],[-74.2897806549951,40.4790714161261]]}},{"type":"Feature","id":261782,"properties":{"OBJECTID":261782,"PRIMENAME":"Stevens Avenue South","ELEVTYP_F":0,"ELEVTYP_T":0},"geometry":{"type":"LineString","coordinates":[[-74.2825681540823,40.4812836393272],[-74.2827116802511,40.4814695911427]]}},{"type":"Feature","id":262047,"properties":{"OBJECTID":262047,"PRIMENAME":"Highland Street","ELEVTYP_F":0,"ELEVTYP_T":0},"geometry":{"type":"LineString","coordinates":[[-74.2856509577425,40.4702524774136],[-74.2855799493138,40.4701222813028],[-74.2855310850378,40.4700375443963],[-74.2854649500589,40.4699228526914]]}},{"type":"Feature","id":263961,"properties":{"OBJECTID":263961,"PRIMENAME":"Portia Street","ELEVTYP_F":0,"ELEVTYP_T":0},"geometry":{"type":"LineString","coordinates":[[-74.2817556199319,40.4747595202525],[-74.2815176643895,40.4748654717285],[-74.2802132929781,40.4754461770527],[-74.2786497547262,40.4761462235295]]}},{"type":"Feature","id":264905,"properties":{"OBJECTID":264905,"PRIMENAME":"Main Street","ELEVTYP_F":0,"ELEVTYP_T":0},"geometry":{"type":"LineString","coordinates":[[-74.2850593652873,40.4900896407785],[-74.2852475242875,40.4901725947725],[-74.2854297627546,40.4902538172597],[-74.2857280353876,40.4903867564118],[-74.2863024620944,40.490647482217],[-74.2867580890111,40.4908531654286],[-74.287346308928,40.4911203077702],[-74.2881416661886,40.4914828076896],[-74.2887409098475,40.4917584182555],[-74.289376105157,40.4920488048592],[-74.2898621527097,40.4922713865654],[-74.2906657803945,40.4926423392333],[-74.2914583970256,40.4930069538965],[-74.2918975165983,40.4932125590781],[-74.2919794166393,40.4932507816444]]}},{"type":"Feature","id":264961,"properties":{"OBJECTID":264961,"PRIMENAME":"Charles Street","ELEVTYP_F":0,"ELEVTYP_T":0},"geometry":{"type":"LineString","coordinates":[[-74.2917175828189,40.4753839019428],[-74.2914385577416,40.4757316356236]]}},{"type":"Feature","id":265532,"properties":{"OBJECTID":265532,"PRIMENAME":"Catherine Street","ELEVTYP_F":0,"ELEVTYP_T":0},"geometry":{"type":"LineString","coordinates":[[-74.2883241748832,40.4749917863967],[-74.2881284438162,40.475151249969]]}},{"type":"Feature","id":265936,"properties":{"OBJECTID":265936,"PRIMENAME":"Stockton Street","ELEVTYP_F":0,"ELEVTYP_T":0},"geometry":{"type":"LineString","coordinates":[[-74.2841003714079,40.4846730231949],[-74.2832079553328,40.4842716876272]]}},{"type":"Feature","id":268559,"properties":{"OBJECTID":268559,"PRIMENAME":"Bordentown Avenue","ELEVTYP_F":0,"ELEVTYP_T":0},"geometry":{"type":"LineString","coordinates":[[-74.2871321560645,40.4744467728217],[-74.2871350384428,40.4744445274428],[-74.2873435049802,40.4742819313382],[-74.2873526465707,40.4742672344805]]}},{"type":"Feature","id":269265,"properties":{"OBJECTID":269265,"PRIMENAME":"Washington Avenue","ELEVTYP_F":0,"ELEVTYP_T":0},"geometry":{"type":"LineString","coordinates":[[-74.2931963990286,40.4773377367393],[-74.2930120098509,40.4775046680547],[-74.2927785410807,40.4777324255141],[-74.2925482424623,40.4779577996988],[-74.2922327571403,40.4782718535081],[-74.2919109348734,40.4785883384501],[-74.2918176501471,40.4786916893968]]}},{"type":"Feature","id":270444,"properties":{"OBJECTID":270444,"PRIMENAME":"Bertram Avenue","ELEVTYP_F":0,"ELEVTYP_T":0},"geometry":{"type":"LineString","coordinates":[[-74.2906177347733,40.4767935365909],[-74.2910942931478,40.4771676003131]]}},{"type":"Feature","id":270719,"properties":{"OBJECTID":270719,"PRIMENAME":"FR CO 535 NB to US 9 NB","ELEVTYP_F":0,"ELEVTYP_T":0},"geometry":{"type":"LineString","coordinates":[[-74.2965809985709,40.4841143244387],[-74.2965815706784,40.4841150945867],[-74.2965886017997,40.4841561470361],[-74.2966103716741,40.4843521875465],[-74.2966149317687,40.4843834493593]]}},{"type":"Feature","id":271984,"properties":{"OBJECTID":271984,"PRIMENAME":"South Feltus Street","ELEVTYP_F":0,"ELEVTYP_T":0},"geometry":{"type":"LineString","coordinates":[[-74.2874206903087,40.4791011401906],[-74.2875226314617,40.4792304038489],[-74.2878410377788,40.4796412772064],[-74.2878937386754,40.4797104417717]]}},{"type":"Feature","id":274340,"properties":{"OBJECTID":274340,"PRIMENAME":"Division Street","ELEVTYP_F":0,"ELEVTYP_T":0},"geometry":{"type":"LineString","coordinates":[[-74.2875289822794,40.4709317998172],[-74.2873321178367,40.4706447069059],[-74.286749837371,40.4698175106697]]}},{"type":"Feature","id":274856,"properties":{"OBJECTID":274856,"PRIMENAME":"North Pine Avenue","ELEVTYP_F":0,"ELEVTYP_T":0},"geometry":{"type":"LineString","coordinates":[[-74.2840457847056,40.478045828477],[-74.2839871354053,40.4779725882619],[-74.2835492868137,40.4773985846008]]}},{"type":"Feature","id":275811,"properties":{"OBJECTID":275811,"PRIMENAME":"Rosewell Street","ELEVTYP_F":0,"ELEVTYP_T":0},"geometry":{"type":"LineString","coordinates":[[-74.2749565750047,40.4820469635476],[-74.2749572314093,40.4820478420429],[-74.2749816746223,40.4820805394085],[-74.2754285130523,40.4826782710576],[-74.2754559135859,40.4827089301132],[-74.2754792098934,40.4827415075737]]}},{"type":"Feature","id":277527,"properties":{"OBJECTID":277527,"PRIMENAME":"FR CO 670 TO GSP NB","ELEVTYP_F":0,"ELEVTYP_T":0},"geometry":{"type":"LineString","coordinates":[[-74.2973664081738,40.4761996572761],[-74.2973318905498,40.4764174513333],[-74.2973283384183,40.4764685344973],[-74.2973312448946,40.476519641457],[-74.2973405829752,40.4765702971331],[-74.2973562658696,40.4766200306402],[-74.2973824188763,40.4766806193546],[-74.2974162174255,40.4767389606223],[-74.2974573365098,40.4767944933995],[-74.2975053807206,40.476846683649],[-74.2975563771112,40.4768905909406],[-74.2976126585739,40.4769305563056],[-74.2976737050614,40.4769662104531],[-74.2977389524936,40.4769972239284],[-74.2982126045029,40.4772148904278],[-74.2984718398533,40.4773357412672],[-74.2987330369013,40.4774541039773],[-74.2989146891008,40.4775354527975],[-74.299094511292,40.4776191392103],[-74.2992185447938,40.477684632069],[-74.2993375153068,40.4777553905588],[-74.2994151498474,40.4778087201999],[-74.2994893930242,40.4778647952006],[-74.2995600785187,40.477923489949],[-74.2996270479807,40.4779846729647],[-74.2996726612752,40.4780292359439],[-74.2997159012743,40.4780751578945],[-74.299756698617,40.4781223651584],[-74.29979498786,40.478170782016],[-74.2998614988106,40.4782771571282],[-74.2999222936654,40.4783855084009],[-74.3000681813437,40.4786502547015],[-74.3003195414667,40.4791344380328],[-74.3005304531439,40.4795613417831],[-74.3007657775624,40.4800035011092],[-74.3009927003873,40.4804482141858]]}},{"type":"Feature","id":278273,"properties":{"OBJECTID":278273,"PRIMENAME":"Lighthouse Drive","ELEVTYP_F":0,"ELEVTYP_T":0},"geometry":{"type":"LineString","coordinates":[[-74.2708367836826,40.4822793937189],[-74.2707816196523,40.4822311895908],[-74.270695752802,40.4821405118845],[-74.2705604947082,40.4819954656891],[-74.2704811747588,40.4818933258412],[-74.2703462270479,40.4816578266515],[-74.2703411139413,40.4816495261577]]}},{"type":"Feature","id":281217,"properties":{"OBJECTID":281217,"PRIMENAME":"Main Street","ELEVTYP_F":0,"ELEVTYP_T":0},"geometry":{"type":"LineString","coordinates":[[-74.2965893130043,40.47607130191],[-74.2965170308442,40.4760571031632],[-74.2963724595559,40.4760287001177],[-74.2959778342176,40.4759538576591]]}},{"type":"Feature","id":281293,"properties":{"OBJECTID":281293,"PRIMENAME":"Washington Avenue","ELEVTYP_F":0,"ELEVTYP_T":0},"geometry":{"type":"LineString","coordinates":[[-74.2934468779905,40.4771269173338],[-74.2933157296423,40.4772304720398],[-74.2933084751971,40.477236202415],[-74.2931963990286,40.4773377367393]]}},{"type":"Feature","id":281653,"properties":{"OBJECTID":281653,"PRIMENAME":"Sandpiper Drive","ELEVTYP_F":0,"ELEVTYP_T":0},"geometry":{"type":"LineString","coordinates":[[-74.2720849381011,40.4808870851978],[-74.2716435487162,40.4810583593531],[-74.2715164247388,40.4811076871195],[-74.2712791739521,40.481217051081]]}},{"type":"Feature","id":282413,"properties":{"OBJECTID":282413,"PRIMENAME":"Harkins Street","ELEVTYP_F":0,"ELEVTYP_T":0},"geometry":{"type":"LineString","coordinates":[[-74.2927743865861,40.4728866675628],[-74.2926136887033,40.4730911117847]]}},{"type":"Feature","id":282506,"properties":{"OBJECTID":282506,"PRIMENAME":"South Feltus Street","ELEVTYP_F":0,"ELEVTYP_T":0},"geometry":{"type":"LineString","coordinates":[[-74.281790678306,40.4717733340019],[-74.2818675881995,40.4718733245153]]}},{"type":"Feature","id":283313,"properties":{"OBJECTID":283313,"PRIMENAME":"Pupek Road","ELEVTYP_F":0,"ELEVTYP_T":0},"geometry":{"type":"LineString","coordinates":[[-74.2846393258038,40.4881405028481],[-74.2847537624804,40.4882324860179],[-74.2847791719277,40.4882492324442],[-74.284805462321,40.4882651664706],[-74.2848325891348,40.4882802611107],[-74.2848605064268,40.4882944907999],[-74.2848891669159,40.4883078314382],[-74.2849185220623,40.4883202604317],[-74.2849485221494,40.48833175673],[-74.2849791163686,40.4883423008628],[-74.2850141690671,40.4883529994202],[-74.2850498325827,40.4883624482087],[-74.2850860305223,40.4883706269884],[-74.2851226853478,40.4883775182399],[-74.2851597185426,40.4883831072017],[-74.2851970507793,40.4883873819018],[-74.2852346020901,40.4883903331837],[-74.2852722920377,40.4883919547255],[-74.2854509167828,40.4883911057182]]}},{"type":"Feature","id":283331,"properties":{"OBJECTID":283331,"PRIMENAME":"Augusta Street","ELEVTYP_F":0,"ELEVTYP_T":0},"geometry":{"type":"LineString","coordinates":[[-74.2869171764009,40.4809900759661],[-74.2866043952651,40.4811298032888],[-74.2864650712077,40.4811916951282]]}},{"type":"Feature","id":283475,"properties":{"OBJECTID":283475,"PRIMENAME":"John Street","ELEVTYP_F":0,"ELEVTYP_T":0},"geometry":{"type":"LineString","coordinates":[[-74.2869245756405,40.4784565189453],[-74.2882921784333,40.4778425557584]]}},{"type":"Feature","id":284019,"properties":{"OBJECTID":284019,"PRIMENAME":"Conologue Avenue","ELEVTYP_F":0,"ELEVTYP_T":0},"geometry":{"type":"LineString","coordinates":[[-74.2922509702755,40.4759215340179],[-74.2922870324321,40.4759299621248]]}},{"type":"Feature","id":286013,"properties":{"OBJECTID":286013,"PRIMENAME":"John T Oleary Boulevard","ELEVTYP_F":0,"ELEVTYP_T":0},"geometry":{"type":"LineString","coordinates":[[-74.2728765745935,40.4794771752042],[-74.2733419190343,40.4792708860748],[-74.2735628309005,40.4791707884775],[-74.2742013413702,40.4788814686792],[-74.2744820434245,40.4787591936039]]}},{"type":"Feature","id":286037,"properties":{"OBJECTID":286037,"PRIMENAME":"Bordentown Avenue","ELEVTYP_F":0,"ELEVTYP_T":0},"geometry":{"type":"LineString","coordinates":[[-74.2780595040431,40.4807267836096],[-74.2781908014358,40.480648414803],[-74.2783377436065,40.4805677152885],[-74.2786222746381,40.4804085484653],[-74.2789818429977,40.4802019241333],[-74.2793725941064,40.4799906082556],[-74.2797415284935,40.479776833974],[-74.2803949308475,40.4794087190671],[-74.2807294788829,40.4792211198502],[-74.2808960512835,40.4791270582625]]}},{"type":"Feature","id":286677,"properties":{"OBJECTID":286677,"PRIMENAME":"South Feltus Street","ELEVTYP_F":0,"ELEVTYP_T":0},"geometry":{"type":"LineString","coordinates":[[-74.2834773092365,40.4739658159847],[-74.2839549569168,40.4745867276625]]}},{"type":"Feature","id":287098,"properties":{"OBJECTID":287098,"PRIMENAME":"FR US 9 NB TO GSP SB","ELEVTYP_F":0,"ELEVTYP_T":0},"geometry":{"type":"LineString","coordinates":[[-74.2953657035509,40.4720732865652],[-74.2953020516213,40.47211987205],[-74.2952404149128,40.472168012102],[-74.2951808584936,40.4722176559045],[-74.2951234452361,40.4722687510534],[-74.2950244878953,40.4723467624816],[-74.2950016118988,40.4723647985677],[-74.2949762969703,40.472377429212],[-74.2949467630681,40.4723921661579],[-74.2948392196293,40.4724458297249],[-74.2948241107111,40.4724533700458],[-74.2948102914857,40.4724571966323],[-74.2946864400421,40.4724915070708],[-74.294554149389,40.4725013726398],[-74.2943928278568,40.4724889641415],[-74.2942421897186,40.4724422350068],[-74.2940889644733,40.4723773172365],[-74.2939665859059,40.472297373109],[-74.2938936063835,40.4722497011552],[-74.293729998876,40.4721201194789],[-74.2936139746902,40.4720007249686],[-74.2935401936374,40.4719076674327],[-74.2934928821183,40.4718085958638],[-74.2934773339382,40.4717035224546],[-74.2934855344326,40.4716166699031],[-74.2935169898841,40.4715367091282],[-74.2935228590211,40.4715217906766],[-74.293589266924,40.4714310036267],[-74.2936555559854,40.4713785996146],[-74.2937377319049,40.4713221800603],[-74.2938489775083,40.4712738964017],[-74.2939680967313,40.4712458270273],[-74.2940686306014,40.4712399458037],[-74.2941850131733,40.4712421732168],[-74.2943303878758,40.4712787942411],[-74.2944518945705,40.4713355738986],[-74.2945865153824,40.4714287398978],[-74.2947316250366,40.4715522253509],[-74.2949902326213,40.4717567170029],[-74.2952244415419,40.4719297948109]]}},{"type":"Feature","id":287127,"properties":{"OBJECTID":287127,"PRIMENAME":"FR PORTIA ST to RT 35 NB","ELEVTYP_F":0,"ELEVTYP_T":0},"geometry":{"type":"LineString","coordinates":[[-74.2855836247087,40.4730579438445],[-74.2857187414815,40.4730594570999]]}},{"type":"Feature","id":287193,"properties":{"OBJECTID":287193,"PRIMENAME":"5th Street","ELEVTYP_F":0,"ELEVTYP_T":0},"geometry":{"type":"LineString","coordinates":[[-74.2888471259724,40.4834863671027],[-74.2882751530744,40.4842230766041]]}},{"type":"Feature","id":287199,"properties":{"OBJECTID":287199,"PRIMENAME":"Feltus Street North","ELEVTYP_F":0,"ELEVTYP_T":0},"geometry":{"type":"LineString","coordinates":[[-74.2898408177652,40.4819934511699],[-74.2899249100801,40.4820966842978]]}},{"type":"Feature","id":289877,"properties":{"OBJECTID":289877,"PRIMENAME":"Welch Street","ELEVTYP_F":0,"ELEVTYP_T":0},"geometry":{"type":"LineString","coordinates":[[-74.2910225520772,40.4794475836469],[-74.2909813744257,40.4793945554919],[-74.2907315488621,40.479235901612],[-74.2903293167177,40.4790484207102],[-74.2899468874492,40.4788635276927]]}},{"type":"Feature","id":290415,"properties":{"OBJECTID":290415,"PRIMENAME":"Conover Street","ELEVTYP_F":0,"ELEVTYP_T":0},"geometry":{"type":"LineString","coordinates":[[-74.295296953161,40.4824979955815],[-74.295409783481,40.4825154388938],[-74.2954368987732,40.4825196030493],[-74.2954630562636,40.4825264652405],[-74.2954877976661,40.4825359052402],[-74.2955106895049,40.4825477576572],[-74.2955313307078,40.4825618148343],[-74.2955493596342,40.4825778304858],[-74.2955644604103,40.4825955240133],[-74.2955763684638,40.482614585421],[-74.2957423910789,40.482911490997],[-74.2957500060271,40.4829346928921],[-74.2957548273105,40.482958327274],[-74.2957568150054,40.4829821984473],[-74.2957559526504,40.4830061087557],[-74.2957522473828,40.4830298602188],[-74.2957457298798,40.483053256171],[-74.2957364541046,40.4830761028904],[-74.2957244968591,40.4830982112026],[-74.295492822263,40.4835965382785],[-74.2951105267513,40.4844065828331],[-74.2948381982822,40.4850168653066],[-74.2948179697592,40.4850600102717]]}},{"type":"Feature","id":290691,"properties":{"OBJECTID":290691,"PRIMENAME":"4th Street","ELEVTYP_F":0,"ELEVTYP_T":0},"geometry":{"type":"LineString","coordinates":[[-74.2893215352058,40.4813627167763],[-74.2889201997646,40.4818848232884]]}},{"type":"Feature","id":291858,"properties":{"OBJECTID":291858,"PRIMENAME":"John T Oleary Boulevard","ELEVTYP_F":0,"ELEVTYP_T":0},"geometry":{"type":"LineString","coordinates":[[-74.2728660407307,40.4819080529863],[-74.2726826423581,40.4816678536539],[-74.2725482340923,40.4814936849429]]}},{"type":"Feature","id":292328,"properties":{"OBJECTID":292328,"PRIMENAME":"Robert Circle","ELEVTYP_F":0,"ELEVTYP_T":0},"geometry":{"type":"LineString","coordinates":[[-74.2961331948813,40.4872574026544],[-74.2967195404792,40.4875561955408],[-74.2969738370745,40.487685778901]]}},{"type":"Feature","id":294213,"properties":{"OBJECTID":294213,"PRIMENAME":"Sandpiper Drive","ELEVTYP_F":0,"ELEVTYP_T":0},"geometry":{"type":"LineString","coordinates":[[-74.2712791739521,40.481217051081],[-74.2708043533511,40.4814359597311],[-74.2703411139413,40.4816495261577]]}},{"type":"Feature","id":295178,"properties":{"OBJECTID":295178,"PRIMENAME":"Elm Street","ELEVTYP_F":0,"ELEVTYP_T":0},"geometry":{"type":"LineString","coordinates":[[-74.2928932425519,40.481748851342],[-74.2926295643919,40.481414405455],[-74.2921888693735,40.4808698570117]]}},{"type":"Feature","id":296655,"properties":{"OBJECTID":296655,"PRIMENAME":"FR CO 535 NB TO CO 670 EB","ELEVTYP_F":0,"ELEVTYP_T":0},"geometry":{"type":"LineString","coordinates":[[-74.2967732054375,40.4753494341072],[-74.2967366171833,40.4753783020947],[-74.296701103138,40.4754079420858],[-74.2966666912231,40.4754383307782],[-74.296633408494,40.4754694442812],[-74.2966012811184,40.475501258134],[-74.2965703343556,40.4755337473252],[-74.2965405925372,40.4755668863126],[-74.2965120790473,40.4756006490428],[-74.2964304072888,40.4756978809083],[-74.2963519516735,40.4757966451131],[-74.2963376884962,40.4758131327721],[-74.2963220728322,40.4758288895865],[-74.2963051687001,40.4758438509577],[-74.2962870454016,40.4758579555483],[-74.2962677772362,40.4758711455334],[-74.2962474431975,40.4758833668377],[-74.296226126649,40.4758945693572],[-74.2962039149823,40.4759047071647],[-74.2961484295566,40.4759196332271],[-74.2960921914105,40.4759328145322],[-74.2960352945837,40.4759442290386],[-74.2959778342176,40.4759538576591]]}},{"type":"Feature","id":296837,"properties":{"OBJECTID":296837,"PRIMENAME":"FR US 9 SB to RARITAN ST","ELEVTYP_F":0,"ELEVTYP_T":0},"geometry":{"type":"LineString","coordinates":[[-74.2970962046479,40.4835971134762],[-74.2971101671603,40.4835746314999],[-74.2971258241949,40.4835528100237],[-74.2971431223795,40.4835317234311],[-74.2971620027476,40.4835114436009],[-74.2972128346307,40.4834533077238],[-74.2972220825612,40.4834390232367],[-74.2972296074628,40.4834241606681],[-74.2972353481359,40.4834088408967],[-74.2972392578922,40.4833931885199],[-74.2972413049346,40.4833773308399],[-74.2972414726156,40.4833613968287],[-74.2972397595728,40.4833455160788],[-74.2972361797398,40.4833298177498],[-74.2972169080937,40.483246550966],[-74.2971861206127,40.4831790493803],[-74.2971778163383,40.4831627495475]]}},{"type":"Feature","id":297005,"properties":{"OBJECTID":297005,"PRIMENAME":"Washington Avenue","ELEVTYP_F":0,"ELEVTYP_T":0},"geometry":{"type":"LineString","coordinates":[[-74.2938136806002,40.4768535261921],[-74.2935512830465,40.4770444760273],[-74.2934468779905,40.4771269173338]]}},{"type":"Feature","id":299212,"properties":{"OBJECTID":299212,"PRIMENAME":"Henry Street","ELEVTYP_F":0,"ELEVTYP_T":0},"geometry":{"type":"LineString","coordinates":[[-74.2874206903087,40.4791011401906],[-74.2862836051482,40.4796115051193],[-74.2855124346524,40.4799539604033]]}},{"type":"Feature","id":299303,"properties":{"OBJECTID":299303,"PRIMENAME":"John Street","ELEVTYP_F":0,"ELEVTYP_T":0},"geometry":{"type":"LineString","coordinates":[[-74.2759534411348,40.4833810013835],[-74.2769113834285,40.4829555189794],[-74.2778285221601,40.4825481231572],[-74.2783633995237,40.4823095814842]]}},{"type":"Feature","id":299635,"properties":{"OBJECTID":299635,"PRIMENAME":"Prospect Street","ELEVTYP_F":0,"ELEVTYP_T":0},"geometry":{"type":"LineString","coordinates":[[-74.2862433937233,40.4703615652392],[-74.2865116089414,40.4707669182936],[-74.2870456919644,40.4716055018082]]}},{"type":"Feature","id":300325,"properties":{"OBJECTID":300325,"PRIMENAME":"Hillcrest Avenue","ELEVTYP_F":0,"ELEVTYP_T":0},"geometry":{"type":"LineString","coordinates":[[-74.2882573313958,40.4705227373799],[-74.2882686790698,40.4704459762693],[-74.2890055009756,40.4701285021442]]}},{"type":"Feature","id":300911,"properties":{"OBJECTID":300911,"PRIMENAME":"North Broadway Street","ELEVTYP_F":0,"ELEVTYP_T":0},"geometry":{"type":"LineString","coordinates":[[-74.2831725188606,40.4858877654575],[-74.2834198616861,40.4860040461444],[-74.2840882894432,40.4863004270643]]}},{"type":"Feature","id":301075,"properties":{"OBJECTID":301075,"PRIMENAME":"Conover Street","ELEVTYP_F":0,"ELEVTYP_T":0},"geometry":{"type":"LineString","coordinates":[[-74.2950648139746,40.4824614615885],[-74.2951653210101,40.4824776440163],[-74.295296953161,40.4824979955815]]}},{"type":"Feature","id":301423,"properties":{"OBJECTID":301423,"PRIMENAME":"FR US 9 SB to RARITAN ST","ELEVTYP_F":0,"ELEVTYP_T":0},"geometry":{"type":"LineString","coordinates":[[-74.2971047801637,40.4840925428219],[-74.2970982212688,40.4840250542527],[-74.2970898097608,40.4839576855839],[-74.2970795493467,40.4838904664618],[-74.2970674445474,40.4838234264667],[-74.2970610220189,40.4837914881798],[-74.2970568597143,40.4837593322738],[-74.2970549696924,40.4837270519346],[-74.2970553574271,40.483694740709],[-74.2970634275746,40.4836698380507],[-74.2970729384801,40.4836452336918],[-74.297083871366,40.4836209762044],[-74.2970962046479,40.4835971134762]]}},{"type":"Feature","id":301834,"properties":{"OBJECTID":301834,"PRIMENAME":"FR CHEVALIER AVE TO NJ 35 NB","ELEVTYP_F":0,"ELEVTYP_T":0},"geometry":{"type":"LineString","coordinates":[[-74.2977973023731,40.4967477845372],[-74.2977387529249,40.4968403165596]]}},{"type":"Feature","id":301912,"properties":{"OBJECTID":301912,"PRIMENAME":"Harkins Street","ELEVTYP_F":0,"ELEVTYP_T":0},"geometry":{"type":"LineString","coordinates":[[-74.2926136887033,40.4730911117847],[-74.2924643939201,40.4732810553065],[-74.2923065517381,40.4734682651533]]}},{"type":"Feature","id":302456,"properties":{"OBJECTID":302456,"PRIMENAME":"Portia Street","ELEVTYP_F":0,"ELEVTYP_T":0},"geometry":{"type":"LineString","coordinates":[[-74.2856426105413,40.4727419500647],[-74.2856466643131,40.4727896678391],[-74.285640714443,40.4728297629973],[-74.2856277238362,40.4728680339195],[-74.2856172571242,40.4728862388629],[-74.2855995659219,40.4729170104792],[-74.2855725887866,40.472967745461],[-74.2855397770138,40.4730104539564],[-74.2854730515001,40.4730700368515]]}},{"type":"Feature","id":303094,"properties":{"OBJECTID":303094,"PRIMENAME":"Feltus Street North","ELEVTYP_F":0,"ELEVTYP_T":0},"geometry":{"type":"LineString","coordinates":[[-74.2905204515327,40.4828216847898],[-74.2906564872773,40.4829802284603]]}},{"type":"Feature","id":303558,"properties":{"OBJECTID":303558,"PRIMENAME":"Grover Avenue","ELEVTYP_F":0,"ELEVTYP_T":0},"geometry":{"type":"LineString","coordinates":[[-74.2882573313958,40.4705227373799],[-74.288686511766,40.4710969827345],[-74.2896382842294,40.472371229459]]}},{"type":"Feature","id":303664,"properties":{"OBJECTID":303664,"PRIMENAME":"Mason Street","ELEVTYP_F":0,"ELEVTYP_T":0},"geometry":{"type":"LineString","coordinates":[[-74.2797463008327,40.4842015382797],[-74.2794997926297,40.4838669575412],[-74.2792816942882,40.4835745684599]]}},{"type":"Feature","id":304249,"properties":{"OBJECTID":304249,"PRIMENAME":"FR US 9 NB to RARITAN ST","ELEVTYP_F":0,"ELEVTYP_T":0},"geometry":{"type":"LineString","coordinates":[[-74.2969468605607,40.4840026092128],[-74.2969502640731,40.4840857988778],[-74.2969524779386,40.4841690119553],[-74.296953501889,40.4842522385271],[-74.2969533357978,40.4843354686733],[-74.296950863416,40.4843490320244],[-74.2969474847027,40.4843624809201],[-74.2969432085217,40.4843757800754],[-74.2969380460917,40.4843888945984],[-74.2969320109562,40.4844017900815],[-74.2969251189489,40.4844144326918],[-74.2969173881513,40.4844267892598],[-74.2969088388457,40.4844388273664]]}},{"type":"Feature","id":304862,"properties":{"OBJECTID":304862,"PRIMENAME":"Ridgeway Avenue","ELEVTYP_F":0,"ELEVTYP_T":0},"geometry":{"type":"LineString","coordinates":[[-74.2925329729034,40.4861178302898],[-74.2929002575846,40.4863161248639],[-74.2931293351115,40.4864398020843],[-74.2933921289144,40.4865816796795],[-74.2934848544661,40.486628155059]]}},{"type":"Feature","id":304960,"properties":{"OBJECTID":304960,"PRIMENAME":"FR PORTIA ST to RT 35 NB","ELEVTYP_F":0,"ELEVTYP_T":0},"geometry":{"type":"LineString","coordinates":[[-74.2854730515001,40.4730700368515],[-74.2855836247087,40.4730579438445]]}},{"type":"Feature","id":305889,"properties":{"OBJECTID":305889,"PRIMENAME":"John Street","ELEVTYP_F":0,"ELEVTYP_T":0},"geometry":{"type":"LineString","coordinates":[[-74.2820712439142,40.4806383925935],[-74.283735559488,40.4798787265485],[-74.2850181300244,40.4793091696213]]}},{"type":"Feature","id":306003,"properties":{"OBJECTID":306003,"PRIMENAME":"Feltus Street North","ELEVTYP_F":0,"ELEVTYP_T":0},"geometry":{"type":"LineString","coordinates":[[-74.288381950831,40.4803358004109],[-74.2884160070157,40.4803781655462],[-74.2884823995291,40.4804494686864],[-74.2885924322488,40.4805329021014]]}},{"type":"Feature","id":306364,"properties":{"OBJECTID":306364,"PRIMENAME":"Washington Avenue","ELEVTYP_F":0,"ELEVTYP_T":0},"geometry":{"type":"LineString","coordinates":[[-74.2917567956587,40.4787589454307],[-74.2916552866503,40.4788713138882],[-74.2915976664482,40.4789273204373]]}},{"type":"Feature","id":307083,"properties":{"OBJECTID":307083,"PRIMENAME":"Connors Drive","ELEVTYP_F":0,"ELEVTYP_T":0},"geometry":{"type":"LineString","coordinates":[[-74.2863433235309,40.4852453242779],[-74.2866279278562,40.4853583184339],[-74.2867055318219,40.4853870387702],[-74.2867860324422,40.4854091753641],[-74.2868723055185,40.4854247073942],[-74.2869787552767,40.4854270723627],[-74.2872377581978,40.4854275494329]]}},{"type":"Feature","id":307516,"properties":{"OBJECTID":307516,"PRIMENAME":"FR US 9 NB to RARITAN ST","ELEVTYP_F":0,"ELEVTYP_T":0},"geometry":{"type":"LineString","coordinates":[[-74.2969088388457,40.4844388273664],[-74.296898560032,40.4844459615708],[-74.2968874007894,40.4844522776498],[-74.2968754723443,40.4844577126497],[-74.2968628935899,40.4844622123987],[-74.2968497899013,40.4844657320467],[-74.2968362918859,40.4844682365127],[-74.2968225340812,40.484469700834],[-74.2968086536144,40.4844701104156],[-74.2968006516684,40.4844698475762],[-74.2967926928372,40.484469161809],[-74.2967848154157,40.4844680564139],[-74.2967770573068,40.4844665367094],[-74.2967694558395,40.4844646100079],[-74.2967620475891,40.4844622855798],[-74.2967548682012,40.4844595746094],[-74.29674795222,40.4844564901408],[-74.2967413329225,40.4844530470152],[-74.2967350421581,40.4844492617996],[-74.2967291101955,40.4844451527069],[-74.2967235655766,40.4844407395085],[-74.2967184349801,40.4844360434389],[-74.2967137430921,40.4844310870937],[-74.2967095124881,40.4844258943209],[-74.2967057635239,40.484420490106],[-74.2966898518613,40.4844035788399],[-74.2966755991697,40.4843728088378],[-74.2966636818892,40.4842834333075],[-74.2966629547715,40.4842793071262]]}},{"type":"Feature","id":308218,"properties":{"OBJECTID":308218,"PRIMENAME":"South Pine Avenue","ELEVTYP_F":0,"ELEVTYP_T":0},"geometry":{"type":"LineString","coordinates":[[-74.2802943881798,40.4724360637478],[-74.2803929634299,40.472554100109],[-74.2808486687623,40.473112640185],[-74.2812330573062,40.4735845725762],[-74.2813987889531,40.4737896185157],[-74.2815069161184,40.4739451428908],[-74.2815356545278,40.474000850157],[-74.2816217282544,40.4741676888432],[-74.2816812712264,40.4743408007114],[-74.2817154259137,40.4744943730577],[-74.2817289992914,40.4745879530545],[-74.2817556199319,40.4747595202525]]}},{"type":"Feature","id":308557,"properties":{"OBJECTID":308557,"PRIMENAME":"Evelyn Terrace","ELEVTYP_F":0,"ELEVTYP_T":0},"geometry":{"type":"LineString","coordinates":[[-74.2860631883175,40.4700892191389],[-74.2856509577425,40.4702524774136]]}},{"type":"Feature","id":309734,"properties":{"OBJECTID":309734,"PRIMENAME":"Stevens Avenue North","ELEVTYP_F":0,"ELEVTYP_T":0},"geometry":{"type":"LineString","coordinates":[[-74.2838442235261,40.4828755498244],[-74.2838977405891,40.4829023059547],[-74.284055745447,40.4829704333995],[-74.284175575584,40.4830256967489]]}},{"type":"Feature","id":309833,"properties":{"OBJECTID":309833,"PRIMENAME":"Bordentown Avenue","ELEVTYP_F":0,"ELEVTYP_T":0},"geometry":{"type":"LineString","coordinates":[[-74.2913400675362,40.4710143435479],[-74.2912149265416,40.4711123381998],[-74.2906081518396,40.4715926015177],[-74.2905417018155,40.4716462589727]]}},{"type":"Feature","id":311437,"properties":{"OBJECTID":311437,"PRIMENAME":"Parker Avenue","ELEVTYP_F":0,"ELEVTYP_T":0},"geometry":{"type":"LineString","coordinates":[[-74.2863122578732,40.4749739741642],[-74.2863090713967,40.4749698226503],[-74.2856284633011,40.4740710660096],[-74.2850132569423,40.4732744364493]]}},{"type":"Feature","id":312220,"properties":{"OBJECTID":312220,"PRIMENAME":"Bordentown Avenue","ELEVTYP_F":0,"ELEVTYP_T":0},"geometry":{"type":"LineString","coordinates":[[-74.2887399444092,40.4731213757182],[-74.2885622239721,40.4732592964783],[-74.2882829498249,40.4734789455721]]}},{"type":"Feature","id":313914,"properties":{"OBJECTID":313914,"PRIMENAME":"Alpine Street","ELEVTYP_F":0,"ELEVTYP_T":0},"geometry":{"type":"LineString","coordinates":[[-74.2939666596668,40.484831637982],[-74.2948179697592,40.4850600102717]]}},{"type":"Feature","id":314227,"properties":{"OBJECTID":314227,"PRIMENAME":"Bordentown Avenue","ELEVTYP_F":0,"ELEVTYP_T":0},"geometry":{"type":"LineString","coordinates":[[-74.2873526465707,40.4742672344805],[-74.2874173207468,40.4741627635875]]}},{"type":"Feature","id":315336,"properties":{"OBJECTID":315336,"PRIMENAME":"South Broadway Street","ELEVTYP_F":0,"ELEVTYP_T":0},"geometry":{"type":"LineString","coordinates":[[-74.2754019503146,40.4776626530442],[-74.2754783094454,40.477620172565],[-74.2755054699685,40.4776128524429],[-74.2755338288748,40.4776090070848],[-74.2755626292606,40.4776087391238],[-74.2755911024395,40.4776120557119],[-74.2756184884582,40.4776188683288],[-74.2756440563791,40.4776289951447],[-74.2756671237893,40.4776421658734],[-74.2756870750141,40.4776580289858],[-74.2757473442501,40.4776956852795],[-74.275797752248,40.477741901858],[-74.2758271566545,40.4777687716797],[-74.2758565420461,40.4778020755895],[-74.2759852037782,40.4779685677312],[-74.2760644228669,40.4780698913063]]}},{"type":"Feature","id":315529,"properties":{"OBJECTID":315529,"PRIMENAME":"Melrose Avenue","ELEVTYP_F":0,"ELEVTYP_T":0},"geometry":{"type":"LineString","coordinates":[[-74.2978306865314,40.4889897970696],[-74.2979557294188,40.4891039205742]]}},{"type":"Feature","id":315848,"properties":{"OBJECTID":315848,"PRIMENAME":"Stevens Avenue South","ELEVTYP_F":0,"ELEVTYP_T":0},"geometry":{"type":"LineString","coordinates":[[-74.2830387607597,40.48189397185],[-74.2831926004602,40.4820935572919],[-74.2835122161418,40.4825156998509]]}},{"type":"Feature","id":317431,"properties":{"OBJECTID":317431,"PRIMENAME":"Wessco Street","ELEVTYP_F":0,"ELEVTYP_T":0},"geometry":{"type":"LineString","coordinates":[[-74.2772221388802,40.4716365631976],[-74.2790068792777,40.4707790293963]]}},{"type":"Feature","id":318983,"properties":{"OBJECTID":318983,"PRIMENAME":"FR RARITAN ST to US 9 SB","ELEVTYP_F":0,"ELEVTYP_T":0},"geometry":{"type":"LineString","coordinates":[[-74.2968769868067,40.4829392747557],[-74.2969034955793,40.4829420195924],[-74.296929659223,40.4829462778741],[-74.2969466067073,40.4829515791267],[-74.2969629570757,40.4829578795652],[-74.2969786094758,40.4829651403273],[-74.2969934673606,40.4829733166273],[-74.2970074390835,40.4829823580322],[-74.297020438464,40.4829922087729],[-74.2970323853189,40.4830028080882],[-74.2970432059571,40.4830140905993],[-74.2970775393589,40.4830500843717],[-74.2971174805917,40.4831219944471],[-74.2971562376766,40.4832052675279],[-74.2971570700436,40.4832077421291]]}},{"type":"Feature","id":319551,"properties":{"OBJECTID":319551,"PRIMENAME":"Alpine Street","ELEVTYP_F":0,"ELEVTYP_T":0},"geometry":{"type":"LineString","coordinates":[[-74.2948179697592,40.4850600102717],[-74.2956705611053,40.4852824217609]]}},{"type":"Feature","id":320464,"properties":{"OBJECTID":320464,"PRIMENAME":"Railroad Avenue","ELEVTYP_F":0,"ELEVTYP_T":0},"geometry":{"type":"LineString","coordinates":[[-74.2935210849572,40.4857043996604],[-74.293379424999,40.4849791284684],[-74.2933425401193,40.4848142718074],[-74.2933286308525,40.4846604646595]]}},{"type":"Feature","id":320499,"properties":{"OBJECTID":320499,"PRIMENAME":"FR PORTIA ST to RT 35 NB","ELEVTYP_F":0,"ELEVTYP_T":0},"geometry":{"type":"LineString","coordinates":[[-74.2857187414815,40.4730594570999],[-74.2858422461177,40.4730844741779],[-74.2859705429562,40.4731398072758]]}},{"type":"Feature","id":320641,"properties":{"OBJECTID":320641,"PRIMENAME":"Orchard Place","ELEVTYP_F":0,"ELEVTYP_T":0},"geometry":{"type":"LineString","coordinates":[[-74.2818675881995,40.4718733245153],[-74.2819181627777,40.4718071250712],[-74.2824012687053,40.4716522481237],[-74.2829729013012,40.4714712620623],[-74.2832106885251,40.4713959729416]]}},{"type":"Feature","id":320962,"properties":{"OBJECTID":320962,"PRIMENAME":"FR RT 35 SB to CATHERINE ST","ELEVTYP_F":0,"ELEVTYP_T":0},"geometry":{"type":"LineString","coordinates":[[-74.2879827783388,40.4754844618795],[-74.2879858573422,40.4753855877168],[-74.2879927387097,40.4753444404205]]}},{"type":"Feature","id":321343,"properties":{"OBJECTID":321343,"PRIMENAME":"Spinnaker Drive","ELEVTYP_F":0,"ELEVTYP_T":0},"geometry":{"type":"LineString","coordinates":[[-74.2722105896644,40.48338527033],[-74.2717982414953,40.4835705494323],[-74.271715291773,40.4836070441131],[-74.2713834919839,40.4837530231371]]}},{"type":"Feature","id":322453,"properties":{"OBJECTID":322453,"PRIMENAME":"Ridgeway Avenue","ELEVTYP_F":0,"ELEVTYP_T":0},"geometry":{"type":"LineString","coordinates":[[-74.2955101383618,40.4877232496367],[-74.29573237284,40.487864934837],[-74.295830290866,40.4879195718354]]}},{"type":"Feature","id":323103,"properties":{"OBJECTID":323103,"PRIMENAME":"Main Street","ELEVTYP_F":0,"ELEVTYP_T":0},"geometry":{"type":"LineString","coordinates":[[-74.2885924322488,40.4805329021014],[-74.2888600142996,40.4802217907002],[-74.2889348505257,40.4801305265188],[-74.2891487176149,40.4798697050107],[-74.2895151661008,40.4794058680739],[-74.2897806549951,40.4790714161261]]}},{"type":"Feature","id":324010,"properties":{"OBJECTID":324010,"PRIMENAME":"2nd Street","ELEVTYP_F":0,"ELEVTYP_T":0},"geometry":{"type":"LineString","coordinates":[[-74.2860163532976,40.4821933897379],[-74.286630706907,40.4814036788321]]}},{"type":"Feature","id":325848,"properties":{"OBJECTID":325848,"PRIMENAME":"FR RAMP TO US 9 NB","ELEVTYP_F":0,"ELEVTYP_T":0},"geometry":{"type":"LineString","coordinates":[[-74.2981294512757,40.4963290193295],[-74.2979665488616,40.4963835165021],[-74.2977884925234,40.4964234048026],[-74.2976818487229,40.4964314157148],[-74.2976329942577,40.4964321554059],[-74.2975843443226,40.4964286669207],[-74.2975365247922,40.4964209951382],[-74.2974901508573,40.4964092387548],[-74.2974281584244,40.4963904048725],[-74.2973689446028,40.4963669316824],[-74.297324880792,40.4963454527053],[-74.2972746626728,40.4963214888808],[-74.2971709983785,40.496268162512],[-74.2970706958805,40.4962112124184],[-74.2970339571065,40.4961838013463],[-74.2970021257429,40.4961530201944],[-74.2969757273289,40.4961193771699],[-74.2969551977024,40.4960834277296],[-74.2969408758036,40.4960457654093],[-74.2969329980804,40.4960070120235],[-74.2969316945846,40.4959678073997],[-74.2969369868258,40.4959287988143],[-74.296947139543,40.4958981879806],[-74.2969611099309,40.4958684667719],[-74.2969787678836,40.4958399119703],[-74.2969999489551,40.4958127894954],[-74.2970244558906,40.4957873519278],[-74.2970520604637,40.4957638361569],[-74.2970825056017,40.4957424611749],[-74.2971155077798,40.4957234260379],[-74.2971431371049,40.4957093495409],[-74.2971726281367,40.4956976803064],[-74.2972036224754,40.4956885601485],[-74.2972357434519,40.4956820999027],[-74.2972801051861,40.4956743037854],[-74.2973254150425,40.4956709527979],[-74.2973709120693,40.495672103218],[-74.2974158321711,40.4956777357252],[-74.2974594209417,40.4956877557249],[-74.2975009463327,40.495701994937],[-74.2975397109478,40.4957202142224],[-74.297575063755,40.4957421075986],[-74.2976979794901,40.4958407797471],[-74.2978144087648,40.4959439350867],[-74.2979240713589,40.4960513253713],[-74.2980267033326,40.4961626921624]]}},{"type":"Feature","id":326229,"properties":{"OBJECTID":326229,"PRIMENAME":"Scott Avenue","ELEVTYP_F":0,"ELEVTYP_T":0},"geometry":{"type":"LineString","coordinates":[[-74.2950349695847,40.4908548261206],[-74.2948469838334,40.4912472935804],[-74.2946047170933,40.4917527638781],[-74.2944001669142,40.492198677057],[-74.2941641783877,40.4927065730075],[-74.2939188227912,40.4932311422434],[-74.2937079199503,40.4936937323636],[-74.2936293101221,40.4938486925864],[-74.293563227583,40.4939869837132],[-74.2935626850104,40.4939881085342]]}},{"type":"Feature","id":326469,"properties":{"OBJECTID":326469,"PRIMENAME":"North Pine Avenue","ELEVTYP_F":0,"ELEVTYP_T":0},"geometry":{"type":"LineString","coordinates":[[-74.2835492868137,40.4773985846008],[-74.2834541982583,40.4772882714894]]}},{"type":"Feature","id":326637,"properties":{"OBJECTID":326637,"PRIMENAME":"Conover Street","ELEVTYP_F":0,"ELEVTYP_T":0},"geometry":{"type":"LineString","coordinates":[[-74.2948179697592,40.4850600102717],[-74.2945195959348,40.4856973943754],[-74.2939686891105,40.4868725128581]]}},{"type":"Feature","id":327116,"properties":{"OBJECTID":327116,"PRIMENAME":"Bertram Avenue","ELEVTYP_F":0,"ELEVTYP_T":0},"geometry":{"type":"LineString","coordinates":[[-74.2883241748832,40.4749917863967],[-74.2891592828736,40.475607510666],[-74.2896856848228,40.4760272676129],[-74.2899822768457,40.4762740737911]]}},{"type":"Feature","id":328874,"properties":{"OBJECTID":328874,"PRIMENAME":"Ridgeway Avenue","ELEVTYP_F":0,"ELEVTYP_T":0},"geometry":{"type":"LineString","coordinates":[[-74.2947459020376,40.4872848699452],[-74.2951693905366,40.4875181097757]]}},{"type":"Feature","id":329186,"properties":{"OBJECTID":329186,"PRIMENAME":"Catherine Street","ELEVTYP_F":0,"ELEVTYP_T":0},"geometry":{"type":"LineString","coordinates":[[-74.2835492868137,40.4773985846008],[-74.2841263272999,40.4771202085445],[-74.2849814641524,40.4767391300168],[-74.2854466917111,40.476529387397]]}},{"type":"Feature","id":329399,"properties":{"OBJECTID":329399,"PRIMENAME":"Bordentown Avenue","ELEVTYP_F":0,"ELEVTYP_T":0},"geometry":{"type":"LineString","coordinates":[[-74.2893410436707,40.4726137155819],[-74.2891972865471,40.4727314403335],[-74.2891379821318,40.4727836176481]]}},{"type":"Feature","id":330167,"properties":{"OBJECTID":330167,"PRIMENAME":"Stockton Street","ELEVTYP_F":0,"ELEVTYP_T":0},"geometry":{"type":"LineString","coordinates":[[-74.2827427666937,40.4840602352157],[-74.2819139242178,40.4836826183165],[-74.2816631924408,40.4833506694405]]}},{"type":"Feature","id":331853,"properties":{"OBJECTID":331853,"PRIMENAME":"FR CO 535 NB to US 9 NB","ELEVTYP_F":0,"ELEVTYP_T":0},"geometry":{"type":"LineString","coordinates":[[-74.296997682343,40.484918227687],[-74.2970238420303,40.4849549015953],[-74.2970485375659,40.4849921626431],[-74.2970698992058,40.4850310648472],[-74.2970902010226,40.4850702965232],[-74.2971094343048,40.4851098408403],[-74.2971275907991,40.4851496808333],[-74.2971634780881,40.485243005343],[-74.2971970947256,40.4853368215089],[-74.2972284291617,40.4854310971247],[-74.2972574706301,40.4855257998268]]}},{"type":"Feature","id":333413,"properties":{"OBJECTID":333413,"PRIMENAME":"Garden State Parkway Express","ELEVTYP_F":1,"ELEVTYP_T":1},"geometry":{"type":"LineString","coordinates":[[-74.2955177149488,40.4718729408131],[-74.2956077253416,40.4719670390033]]}},{"type":"Feature","id":334053,"properties":{"OBJECTID":334053,"PRIMENAME":"Stevens Avenue North","ELEVTYP_F":0,"ELEVTYP_T":0},"geometry":{"type":"LineString","coordinates":[[-74.2882751530744,40.4842230766041],[-74.2874158878116,40.483837729488]]}},{"type":"Feature","id":334108,"properties":{"OBJECTID":334108,"PRIMENAME":"Garden State Parkway","ELEVTYP_F":1,"ELEVTYP_T":1},"geometry":{"type":"LineString","coordinates":[[-74.2961745569903,40.4712525452727],[-74.2960955378865,40.4711732634459]]}},{"type":"Feature","id":336796,"properties":{"OBJECTID":336796,"PRIMENAME":"Thompson Street","ELEVTYP_F":0,"ELEVTYP_T":0},"geometry":{"type":"LineString","coordinates":[[-74.2897833384812,40.4822797194087],[-74.2895182905862,40.4821581215967],[-74.2889982112933,40.4819199112274],[-74.2889201997646,40.4818848232884]]}},{"type":"Feature","id":337752,"properties":{"OBJECTID":337752,"PRIMENAME":"South Broadway Street","ELEVTYP_F":0,"ELEVTYP_T":0},"geometry":{"type":"LineString","coordinates":[[-74.2771063494248,40.4794511537844],[-74.2771067274928,40.4794516723782],[-74.2774329958343,40.4798947664654],[-74.2775721145624,40.4800801145849]]}},{"type":"Feature","id":337915,"properties":{"OBJECTID":337915,"PRIMENAME":"Bayview Avenue","ELEVTYP_F":0,"ELEVTYP_T":0},"geometry":{"type":"LineString","coordinates":[[-74.2784634838138,40.4701048253094],[-74.2766600749789,40.4709479018883]]}},{"type":"Feature","id":339167,"properties":{"OBJECTID":339167,"PRIMENAME":"Woodland Avenue","ELEVTYP_F":0,"ELEVTYP_T":0},"geometry":{"type":"LineString","coordinates":[[-74.2766600749789,40.4709479018883],[-74.2772221388802,40.4716365631976]]}},{"type":"Feature","id":339293,"properties":{"OBJECTID":339293,"PRIMENAME":"5th Street","ELEVTYP_F":0,"ELEVTYP_T":0},"geometry":{"type":"LineString","coordinates":[[-74.2872377581978,40.4854275494329],[-74.2872953171749,40.4854166469329],[-74.287355843705,40.4853882370478],[-74.2874106454234,40.4853509759837],[-74.2874684467448,40.4852632101859],[-74.2878238167983,40.4847914808605],[-74.2882751530744,40.4842230766041]]}},{"type":"Feature","id":341693,"properties":{"OBJECTID":341693,"PRIMENAME":"Louisa Street","ELEVTYP_F":0,"ELEVTYP_T":0},"geometry":{"type":"LineString","coordinates":[[-74.2839549569168,40.4745867276625],[-74.2820436381797,40.4754346816201]]}},{"type":"Feature","id":341964,"properties":{"OBJECTID":341964,"PRIMENAME":"Crescent Avenue","ELEVTYP_F":0,"ELEVTYP_T":0},"geometry":{"type":"LineString","coordinates":[[-74.2926136887033,40.4730911117847],[-74.2923792865908,40.4729383638224],[-74.2917777748478,40.4725032196739],[-74.2911876936318,40.4720943915742],[-74.2905417018155,40.4716462589727]]}},{"type":"Feature","id":342246,"properties":{"OBJECTID":342246,"PRIMENAME":"Campbell Street","ELEVTYP_F":0,"ELEVTYP_T":0},"geometry":{"type":"LineString","coordinates":[[-74.2905262157583,40.4742469235902],[-74.2905546640676,40.4742116909589]]}},{"type":"Feature","id":342719,"properties":{"OBJECTID":342719,"PRIMENAME":"FR US 9 SB to RARITAN ST","ELEVTYP_F":0,"ELEVTYP_T":0},"geometry":{"type":"LineString","coordinates":[[-74.2971778163383,40.4831627495475],[-74.297089192371,40.48298877887],[-74.2970761656276,40.4829660791239],[-74.2970639780143,40.4829431092685],[-74.297052639124,40.4829198873851],[-74.2970421578815,40.4828964317531],[-74.2970153121956,40.4828234747909],[-74.2969864041593,40.4827509787348],[-74.2969764609572,40.4827230035291],[-74.2969680588658,40.4826947352475]]}},{"type":"Feature","id":342777,"properties":{"OBJECTID":342777,"PRIMENAME":"South Pine Avenue","ELEVTYP_F":0,"ELEVTYP_T":0},"geometry":{"type":"LineString","coordinates":[[-74.2799407521722,40.4719513400385],[-74.2800431607502,40.4720839878079],[-74.2800767958089,40.4721339911404],[-74.2801780803708,40.4722845637949]]}},{"type":"Feature","id":342878,"properties":{"OBJECTID":342878,"PRIMENAME":"South Feltus Street","ELEVTYP_F":0,"ELEVTYP_T":0},"geometry":{"type":"LineString","coordinates":[[-74.2878937386754,40.4797104417717],[-74.2881903597387,40.4800996697419],[-74.2883231152041,40.4802626719566],[-74.288381950831,40.4803358004109]]}},{"type":"Feature","id":343966,"properties":{"OBJECTID":343966,"PRIMENAME":"Ridgeway Avenue","ELEVTYP_F":0,"ELEVTYP_T":0},"geometry":{"type":"LineString","coordinates":[[-74.2951693905366,40.4875181097757],[-74.2953081438177,40.4875945293424],[-74.2955101383618,40.4877232496367]]}},{"type":"Feature","id":344627,"properties":{"OBJECTID":344627,"PRIMENAME":"Conlogue Avenue","ELEVTYP_F":0,"ELEVTYP_T":0},"geometry":{"type":"LineString","coordinates":[[-74.2889679448386,40.4744670764351],[-74.2889849302192,40.4744843474021],[-74.2892567317003,40.4747814278218],[-74.2897989424892,40.4751556725224]]}},{"type":"Feature","id":344843,"properties":{"OBJECTID":344843,"PRIMENAME":"Grace Drive","ELEVTYP_F":0,"ELEVTYP_T":0},"geometry":{"type":"LineString","coordinates":[[-74.2890379972321,40.4870911622718],[-74.2894225593296,40.4872754035865],[-74.2894546540452,40.4872884687295],[-74.2894847857275,40.487304022109],[-74.2895126246959,40.487321893551],[-74.2895378663545,40.4873418875191],[-74.2895602345244,40.4873637852533],[-74.2895794844656,40.4873873471639],[-74.2895954055551,40.4874123154524],[-74.2896078235912,40.4874384169326],[-74.2897784719511,40.4877346529555]]}},{"type":"Feature","id":344920,"properties":{"OBJECTID":344920,"PRIMENAME":"Garden State Parkway Express","ELEVTYP_F":1,"ELEVTYP_T":1},"geometry":{"type":"LineString","coordinates":[[-74.2960533163193,40.471406005079],[-74.2959696713783,40.4713230088905]]}},{"type":"Feature","id":345780,"properties":{"OBJECTID":345780,"PRIMENAME":"Garden State Parkway Express","ELEVTYP_F":1,"ELEVTYP_T":1},"geometry":{"type":"LineString","coordinates":[[-74.2981120676985,40.4739467066667],[-74.2979275699185,40.4736770591924],[-74.2975592918376,40.4731760028587],[-74.297274913903,40.4728073255902],[-74.2970277652211,40.4725030597846],[-74.2968086105018,40.4722381526887],[-74.2966220158111,40.4720234012143],[-74.2963374366011,40.4717012246373],[-74.2961415494194,40.4714935385946],[-74.2960533163193,40.471406005079]]}},{"type":"Feature","id":345939,"properties":{"OBJECTID":345939,"PRIMENAME":"Garden State Parkway","ELEVTYP_F":1,"ELEVTYP_T":1},"geometry":{"type":"LineString","coordinates":[[-74.2982719215407,40.4738271058021],[-74.2981755691128,40.4736882253561],[-74.2979708455517,40.4733892170336],[-74.2978913249904,40.4732730752804],[-74.2976581797394,40.4729724315662],[-74.2975323235797,40.4728077767653],[-74.2973131464188,40.4725250272085],[-74.2971079918408,40.4722780165401],[-74.2968934409987,40.4720238784698],[-74.2968582554528,40.4719849091815],[-74.296608981649,40.4717088403084],[-74.2964222969077,40.4715011709335],[-74.2961745569903,40.4712525452727]]}},{"type":"Feature","id":347248,"properties":{"OBJECTID":347248,"PRIMENAME":"Conlogue Avenue","ELEVTYP_F":0,"ELEVTYP_T":0},"geometry":{"type":"LineString","coordinates":[[-74.2881200614146,40.4736093436843],[-74.2889679448386,40.4744670764351]]}},{"type":"Feature","id":347401,"properties":{"OBJECTID":347401,"PRIMENAME":"Garden State Parkway Express","ELEVTYP_F":0,"ELEVTYP_T":1},"geometry":{"type":"LineString","coordinates":[[-74.296199102271,40.4725623792659],[-74.2964509889762,40.4728558943896],[-74.2967635396461,40.4732139434843],[-74.2970526860657,40.4735504020225],[-74.2972998494105,40.473851099431],[-74.297523677554,40.4741302887813],[-74.2976562448174,40.4742998961888]]}},{"type":"Feature","id":347624,"properties":{"OBJECTID":347624,"PRIMENAME":"Main Street","ELEVTYP_F":0,"ELEVTYP_T":0},"geometry":{"type":"LineString","coordinates":[[-74.2919794166393,40.4932507816444],[-74.2924286269695,40.4934605990085]]}},{"type":"Feature","id":347962,"properties":{"OBJECTID":347962,"PRIMENAME":"Raritan Street","ELEVTYP_F":0,"ELEVTYP_T":0},"geometry":{"type":"LineString","coordinates":[[-74.2965290430568,40.4834488943264],[-74.2963496404331,40.483842258882],[-74.2962326879909,40.4840801658937]]}},{"type":"Feature","id":351505,"properties":{"OBJECTID":351505,"PRIMENAME":"George Street","ELEVTYP_F":0,"ELEVTYP_T":0},"geometry":{"type":"LineString","coordinates":[[-74.2815810286072,40.4800050969174],[-74.2804299293474,40.4805173824633],[-74.2796486614123,40.4808681246334],[-74.2785568605479,40.4813557154127]]}},{"type":"Feature","id":351889,"properties":{"OBJECTID":351889,"PRIMENAME":"US Highway 9","ELEVTYP_F":0,"ELEVTYP_T":0},"geometry":{"type":"LineString","coordinates":[[-74.2968863315651,40.4837948842734],[-74.2969090445066,40.4838668330493],[-74.2969305152205,40.4839390038627],[-74.2969468605607,40.4840026092128]]}},{"type":"Feature","id":352328,"properties":{"OBJECTID":352328,"PRIMENAME":"US Highway 9","ELEVTYP_F":0,"ELEVTYP_T":0},"geometry":{"type":"LineString","coordinates":[[-74.2966511779936,40.4831966940404],[-74.2966775720974,40.4832583468217],[-74.2967030071522,40.4833202341902],[-74.2967431599287,40.4834121194117],[-74.296781242075,40.4835045171567],[-74.2968094148815,40.4835767009698],[-74.2968363238907,40.4836491653681],[-74.2968619643081,40.4837218974519],[-74.2968863315651,40.4837948842734]]}},{"type":"Feature","id":354348,"properties":{"OBJECTID":354348,"PRIMENAME":"US Highway 9","ELEVTYP_F":0,"ELEVTYP_T":0},"geometry":{"type":"LineString","coordinates":[[-74.2961745569903,40.4712525452727],[-74.2963753248187,40.4709983146322],[-74.2967185022286,40.4705629434213],[-74.2967803948421,40.4704844231451],[-74.2971713883683,40.4700000157243],[-74.2972948382226,40.4698153191215],[-74.2974641040819,40.4695154347762],[-74.2975266186418,40.4693693926942]]}},{"type":"Feature","id":354628,"properties":{"OBJECTID":354628,"PRIMENAME":"State Highway 35","ELEVTYP_F":0,"ELEVTYP_T":0},"geometry":{"type":"LineString","coordinates":[[-74.2842144386182,40.4710048903346],[-74.2844358124445,40.4712738269917],[-74.2852313016074,40.4722462540934],[-74.2852470315123,40.4722654821646],[-74.2856426105413,40.4727419500647]]}},{"type":"Feature","id":355041,"properties":{"OBJECTID":355041,"PRIMENAME":"Garden State Parkway","ELEVTYP_F":1,"ELEVTYP_T":1},"geometry":{"type":"LineString","coordinates":[[-74.2954510218094,40.4721618313542],[-74.2955914406873,40.4723110583837],[-74.29582467956,40.4725653138254],[-74.2960160134703,40.4727693690764],[-74.2961558925035,40.4729197202476],[-74.2963938260926,40.473191854104],[-74.2968136685632,40.4736608314037],[-74.2971914148339,40.474108293668],[-74.297484753195,40.4744634529168]]}},{"type":"Feature","id":355314,"properties":{"OBJECTID":355314,"PRIMENAME":"Main Street","ELEVTYP_F":0,"ELEVTYP_T":0},"geometry":{"type":"LineString","coordinates":[[-74.2975984315722,40.4976934355791],[-74.2976199156516,40.497807203373],[-74.2976385481761,40.4979212637831],[-74.2976543223275,40.4980355751599],[-74.2976672323312,40.4981500957623],[-74.2976772734583,40.4982647837725],[-74.2976844420278,40.4983795973113],[-74.2976887354071,40.4984944944535],[-74.2976901520139,40.4986094332432],[-74.297688691316,40.498724371709],[-74.2976843538321,40.4988392678795],[-74.2976771411315,40.4989540797984],[-74.2976670558333,40.4990687655401],[-74.2976541016057,40.4991832832248],[-74.2976382831646,40.4992975910337],[-74.2976196062719,40.4994116472248],[-74.2975980777334,40.4995254101475],[-74.2975737053965,40.499638838258],[-74.2975464981471,40.4997518901349],[-74.2975164659066,40.4998645244936],[-74.297483619628,40.4999767002022],[-74.2974479712924,40.5000883762956],[-74.2974095339041,40.5001995119914],[-74.2973683214862,40.5003100667041],[-74.2973243490757,40.5004200000601],[-74.2972776327172,40.5005292719127],[-74.2972281894581,40.5006378423566],[-74.2971760373418,40.5007456717423],[-74.297121195401,40.5008527206908],[-74.2970636836513,40.500958950108],[-74.2970035230835,40.5010643211989],[-74.2969407356559,40.5011687954817],[-74.2968753442867,40.501272334802],[-74.2967561901835,40.501443695518],[-74.2965681696994,40.5016864459007],[-74.2963613688589,40.5019434378755],[-74.2938798881568,40.5049081405512],[-74.293810414423,40.5049952985133]]}},{"type":"Feature","id":356111,"properties":{"OBJECTID":356111,"PRIMENAME":"Bordentown Avenue","ELEVTYP_F":0,"ELEVTYP_T":0},"geometry":{"type":"LineString","coordinates":[[-74.2874173207468,40.4741627635875],[-74.2872874130126,40.4742185251852]]}},{"type":"Feature","id":356343,"properties":{"OBJECTID":356343,"PRIMENAME":"US Highway 9","ELEVTYP_F":0,"ELEVTYP_T":0},"geometry":{"type":"LineString","coordinates":[[-74.2975383530671,40.4930726220658],[-74.2975899248735,40.4927866355514],[-74.2976420925118,40.4925613409562],[-74.2979143244921,40.4916657033181],[-74.2979809909089,40.4913647609273],[-74.2980162863765,40.4912250678586],[-74.2980495176656,40.491078563287],[-74.2980780490975,40.4909285092036],[-74.2981019281263,40.4907712824494],[-74.2981258379454,40.4906033490185],[-74.2981439673557,40.4904448765357]]}},{"type":"Feature","id":356590,"properties":{"OBJECTID":356590,"PRIMENAME":"Main Street","ELEVTYP_F":0,"ELEVTYP_T":0},"geometry":{"type":"LineString","coordinates":[[-74.2910942931478,40.4771676003131],[-74.2910818085313,40.4771822373791],[-74.2909589484023,40.4773407115813],[-74.2908461106684,40.4775013725127],[-74.290747341862,40.4776691963297],[-74.2906974524235,40.4777478097572]]}},{"type":"Feature","id":356631,"properties":{"OBJECTID":356631,"PRIMENAME":"US Highway 9","ELEVTYP_F":0,"ELEVTYP_T":0},"geometry":{"type":"LineString","coordinates":[[-74.2956077253416,40.4719670390033],[-74.2956543424559,40.4719091439122]]}},{"type":"Feature","id":356723,"properties":{"OBJECTID":356723,"PRIMENAME":"Main Street","ELEVTYP_F":0,"ELEVTYP_T":0},"geometry":{"type":"LineString","coordinates":[[-74.2922738583487,40.4759446034878],[-74.2922507078265,40.4759703335481],[-74.2918774796089,40.4763716604931],[-74.2917897148656,40.4764605923277],[-74.2915289132659,40.476724853029],[-74.2913459295979,40.476901392209],[-74.2911980223549,40.4770457670512],[-74.2910942931478,40.4771676003131]]}},{"type":"Feature","id":357053,"properties":{"OBJECTID":357053,"PRIMENAME":"State Highway 35","ELEVTYP_F":0,"ELEVTYP_T":0},"geometry":{"type":"LineString","coordinates":[[-74.2859705429562,40.4731398072758],[-74.2861608984562,40.4733716300645],[-74.2864313337517,40.4736974016789],[-74.2865852074162,40.4738835589781],[-74.286738966161,40.4740947526115],[-74.2869487774909,40.4743596335506],[-74.2870006115496,40.4744283304562]]}},{"type":"Feature","id":357150,"properties":{"OBJECTID":357150,"PRIMENAME":"North Rosewell Avenue","ELEVTYP_F":0,"ELEVTYP_T":0},"geometry":{"type":"LineString","coordinates":[[-74.276949888083,40.4846390484968],[-74.2765040805777,40.4840632184064],[-74.2764686386073,40.4840178822266]]}},{"type":"Feature","id":357188,"properties":{"OBJECTID":357188,"PRIMENAME":"US Highway 9","ELEVTYP_F":0,"ELEVTYP_T":0},"geometry":{"type":"LineString","coordinates":[[-74.2956543424559,40.4719091439122],[-74.2957412270008,40.4718011383528],[-74.2958114060357,40.4717122876555],[-74.2960533163193,40.471406005079]]}},{"type":"Feature","id":357518,"properties":{"OBJECTID":357518,"PRIMENAME":"State Highway 35","ELEVTYP_F":0,"ELEVTYP_T":0},"geometry":{"type":"LineString","coordinates":[[-74.2871321560645,40.4744467728217],[-74.2871025494961,40.4744082584729],[-74.287073981261,40.4743710915778]]}},{"type":"Feature","id":359269,"properties":{"OBJECTID":359269,"PRIMENAME":"US Highway 9","ELEVTYP_F":0,"ELEVTYP_T":0},"geometry":{"type":"LineString","coordinates":[[-74.2960533163193,40.471406005079],[-74.2961745569903,40.4712525452727]]}},{"type":"Feature","id":359492,"properties":{"OBJECTID":359492,"PRIMENAME":"US Highway 9","ELEVTYP_F":0,"ELEVTYP_T":0},"geometry":{"type":"LineString","coordinates":[[-74.2937388130185,40.4741236517097],[-74.2934379565619,40.4744931043849],[-74.2932598642426,40.4747192326729]]}},{"type":"Feature","id":359748,"properties":{"OBJECTID":359748,"PRIMENAME":"US Highway 9","ELEVTYP_F":0,"ELEVTYP_T":0},"geometry":{"type":"LineString","coordinates":[[-74.2942009616733,40.4735535961117],[-74.2939981004787,40.4738053477783],[-74.2937388130185,40.4741236517097]]}},{"type":"Feature","id":359758,"properties":{"OBJECTID":359758,"PRIMENAME":"US Highway 9","ELEVTYP_F":0,"ELEVTYP_T":0},"geometry":{"type":"LineString","coordinates":[[-74.2955177149488,40.4718729408131],[-74.2954358271246,40.4719808172488],[-74.2953657035509,40.4720732865652]]}},{"type":"Feature","id":359847,"properties":{"OBJECTID":359847,"PRIMENAME":"US HWY 9 to MAIN ST","ELEVTYP_F":0,"ELEVTYP_T":0},"geometry":{"type":"LineString","coordinates":[[-74.2914598610447,40.478408350559],[-74.2911299436639,40.4780523140158],[-74.2910739332715,40.477995058517],[-74.2910366654664,40.4779449473865],[-74.2910088164546,40.477894881194],[-74.290994830323,40.4778376196752],[-74.2909857194718,40.4777732843798],[-74.2909905584821,40.4777197080724],[-74.291004825413,40.4776517917953],[-74.2910330564893,40.4776017990746],[-74.2910941913417,40.477501821156],[-74.2912258492228,40.4773233776221],[-74.2912441029631,40.4773005443773],[-74.2913856119963,40.4771235180325],[-74.2916815088744,40.4767844781826],[-74.2917530954631,40.4766988766566]]}},{"type":"Feature","id":359939,"properties":{"OBJECTID":359939,"PRIMENAME":"State Highway 35","ELEVTYP_F":0,"ELEVTYP_T":0},"geometry":{"type":"LineString","coordinates":[[-74.287073981261,40.4743710915778],[-74.287037823203,40.4743240559425],[-74.2867581718643,40.4739553616169],[-74.2865484191252,40.4736726091184],[-74.2863852224789,40.4734792699812],[-74.2861893795005,40.4732430179977],[-74.2858847773458,40.4728674124989]]}},{"type":"Feature","id":360587,"properties":{"OBJECTID":360587,"PRIMENAME":"State Highway 35","ELEVTYP_F":0,"ELEVTYP_T":0},"geometry":{"type":"LineString","coordinates":[[-74.2858847773458,40.4728674124989],[-74.2858816619725,40.472863563717],[-74.285818492502,40.4727865837609],[-74.2855878971334,40.4725055741026],[-74.2853705622473,40.4722362293082]]}},{"type":"Feature","id":361240,"properties":{"OBJECTID":361240,"PRIMENAME":"US Highway 9","ELEVTYP_F":0,"ELEVTYP_T":0},"geometry":{"type":"LineString","coordinates":[[-74.2959696713783,40.4713230088905],[-74.2956899419575,40.4716556310907],[-74.2956150851744,40.4717446400615],[-74.2955618171043,40.471814876493]]}},{"type":"Feature","id":361312,"properties":{"OBJECTID":361312,"PRIMENAME":"US Highway 9","ELEVTYP_F":0,"ELEVTYP_T":0},"geometry":{"type":"LineString","coordinates":[[-74.296954609973,40.4836468121647],[-74.2969083701579,40.4835208250267],[-74.2968889088463,40.4834782944244],[-74.2968404373218,40.4833723586472]]}},{"type":"Feature","id":361693,"properties":{"OBJECTID":361693,"PRIMENAME":"US Highway 9","ELEVTYP_F":1,"ELEVTYP_T":0},"geometry":{"type":"LineString","coordinates":[[-74.2982345786803,40.4962037142774],[-74.298214291431,40.4961715452164],[-74.298064107751,40.4959074842408],[-74.2979189389182,40.4956057394822],[-74.2977983353984,40.4953044842206],[-74.297777007759,40.4952512114515],[-74.2977044003672,40.4950339447214],[-74.2976517976519,40.4948501588343],[-74.2975780132328,40.4945490483111],[-74.2975464087427,40.4943539421659],[-74.2975333658038,40.4942528317989],[-74.2975174487692,40.4941519616105],[-74.2975124330676,40.4940487707699],[-74.2975005802142,40.4939459061522],[-74.2975016482013,40.4938563349389],[-74.2974964032196,40.4937668495578],[-74.2974951409002,40.4936522761249],[-74.2975105881143,40.4933633569593],[-74.2975383530671,40.4930726220658]]}},{"type":"Feature","id":361829,"properties":{"OBJECTID":361829,"PRIMENAME":"North Rosewell Avenue","ELEVTYP_F":0,"ELEVTYP_T":0},"geometry":{"type":"LineString","coordinates":[[-74.2774159927701,40.4852434101429],[-74.276949888083,40.4846390484968]]}},{"type":"Feature","id":362365,"properties":{"OBJECTID":362365,"PRIMENAME":"Bordentown Avenue","ELEVTYP_F":0,"ELEVTYP_T":0},"geometry":{"type":"LineString","coordinates":[[-74.2822045381117,40.4782643044224],[-74.2821965981935,40.4782705074412],[-74.2821612415898,40.4782984964745],[-74.28189006612,40.4785130385664],[-74.2818793663128,40.4785203207189],[-74.2816513345622,40.4786830184761],[-74.281598204271,40.4787209257672],[-74.2814449601,40.4788183360179],[-74.2812667270712,40.4789276123677],[-74.2810697807136,40.4790320760317],[-74.2808960512835,40.4791270582625]]}},{"type":"Feature","id":362578,"properties":{"OBJECTID":362578,"PRIMENAME":"Mason Street","ELEVTYP_F":0,"ELEVTYP_T":0},"geometry":{"type":"LineString","coordinates":[[-74.2778593950535,40.4816784683462],[-74.2777806311485,40.4816441117663],[-74.277336787692,40.4810548923446]]}},{"type":"Feature","id":363017,"properties":{"OBJECTID":363017,"PRIMENAME":"Bordentown Avenue","ELEVTYP_F":0,"ELEVTYP_T":0},"geometry":{"type":"LineString","coordinates":[[-74.2856701235415,40.475484781811],[-74.2855518084328,40.4755788029956],[-74.285423662178,40.4756782132187]]}},{"type":"Feature","id":363592,"properties":{"OBJECTID":363592,"PRIMENAME":"Main Street","ELEVTYP_F":0,"ELEVTYP_T":0},"geometry":{"type":"LineString","coordinates":[[-74.2897806549951,40.4790714161261],[-74.2898565910443,40.478975749226],[-74.2899468874492,40.4788635276927]]}},{"type":"Feature","id":363757,"properties":{"OBJECTID":363757,"PRIMENAME":"Adamecs Way","ELEVTYP_F":0,"ELEVTYP_T":0},"geometry":{"type":"LineString","coordinates":[[-74.2820296323239,40.4857934548421],[-74.2822919543927,40.4854756852607]]}},{"type":"Feature","id":364068,"properties":{"OBJECTID":364068,"PRIMENAME":"Garden State Parkway","ELEVTYP_F":1,"ELEVTYP_T":0},"geometry":{"type":"LineString","coordinates":[[-74.297484753195,40.4744634529168],[-74.2975225394862,40.4745091714115],[-74.2977883093545,40.4748527516405],[-74.2982219267348,40.4754218632938],[-74.2985948377951,40.4759301178763],[-74.2988372055222,40.4762771961325],[-74.298927802584,40.4764189209686]]}},{"type":"Feature","id":364250,"properties":{"OBJECTID":364250,"PRIMENAME":"State Highway 35","ELEVTYP_F":0,"ELEVTYP_T":0},"geometry":{"type":"LineString","coordinates":[[-74.2870579944176,40.4745045587639],[-74.2871538598381,40.4746316708423],[-74.2873682778651,40.4749072932487],[-74.2875221472535,40.4751077243221],[-74.2875663947295,40.4751639557408],[-74.2876573437777,40.4752795437345],[-74.2878220735972,40.4754675592814]]}},{"type":"Feature","id":365345,"properties":{"OBJECTID":365345,"PRIMENAME":"US Highway 9","ELEVTYP_F":0,"ELEVTYP_T":0},"geometry":{"type":"LineString","coordinates":[[-74.2976124809268,40.4873538043186],[-74.2976499728674,40.487536091469],[-74.2978265591189,40.4884107332875],[-74.2978622195803,40.4885873557538],[-74.297887949111,40.4887171666511],[-74.2979218246043,40.4888880660487],[-74.2979359258921,40.4889592037785],[-74.2979557294188,40.4891039205742]]}},{"type":"Feature","id":365586,"properties":{"OBJECTID":365586,"PRIMENAME":"Gordon Street","ELEVTYP_F":0,"ELEVTYP_T":0},"geometry":{"type":"LineString","coordinates":[[-74.2771063494248,40.4794511537844],[-74.2799793669341,40.478157223241]]}},{"type":"Feature","id":365784,"properties":{"OBJECTID":365784,"PRIMENAME":"US Highway 9","ELEVTYP_F":0,"ELEVTYP_T":0},"geometry":{"type":"LineString","coordinates":[[-74.2938330133585,40.474164420404],[-74.2941243894122,40.4738029105066],[-74.2942896468194,40.4735990172068],[-74.2947598113029,40.4730189296965],[-74.2949768290526,40.472751169555],[-74.2954510218094,40.4721618313542]]}},{"type":"Feature","id":366377,"properties":{"OBJECTID":366377,"PRIMENAME":"North Rosewell Avenue","ELEVTYP_F":0,"ELEVTYP_T":0},"geometry":{"type":"LineString","coordinates":[[-74.2764686386073,40.4840178822266],[-74.2760480978941,40.4834795709451],[-74.2759534411348,40.4833810013835]]}},{"type":"Feature","id":366421,"properties":{"OBJECTID":366421,"PRIMENAME":"George Street","ELEVTYP_F":0,"ELEVTYP_T":0},"geometry":{"type":"LineString","coordinates":[[-74.2864357775203,40.4778202813228],[-74.2845363337445,40.4786790046653]]}},{"type":"Feature","id":366595,"properties":{"OBJECTID":366595,"PRIMENAME":"Main Street","ELEVTYP_F":0,"ELEVTYP_T":0},"geometry":{"type":"LineString","coordinates":[[-74.2849891729606,40.485080397384],[-74.2841704657668,40.4861445485426],[-74.2840882894432,40.4863004270643]]}},{"type":"Feature","id":366865,"properties":{"OBJECTID":366865,"PRIMENAME":"Thompson Street","ELEVTYP_F":0,"ELEVTYP_T":0},"geometry":{"type":"LineString","coordinates":[[-74.2889201997646,40.4818848232884],[-74.2880979717158,40.4815114677281]]}},{"type":"Feature","id":367027,"properties":{"OBJECTID":367027,"PRIMENAME":"1st Street","ELEVTYP_F":0,"ELEVTYP_T":0},"geometry":{"type":"LineString","coordinates":[[-74.2822919543927,40.4854756852607],[-74.2826677980128,40.484976723004],[-74.2832079553328,40.4842716876272]]}},{"type":"Feature","id":367486,"properties":{"OBJECTID":367486,"PRIMENAME":"US Highway 9","ELEVTYP_F":0,"ELEVTYP_T":0},"geometry":{"type":"LineString","coordinates":[[-74.2971047801637,40.4840925428219],[-74.2970291130447,40.4838497954608],[-74.296954609973,40.4836468121647]]}},{"type":"Feature","id":367676,"properties":{"OBJECTID":367676,"PRIMENAME":"US Highway 9","ELEVTYP_F":0,"ELEVTYP_T":0},"geometry":{"type":"LineString","coordinates":[[-74.2914598610447,40.478408350559],[-74.291144920146,40.4781382913368],[-74.2909860909981,40.4779980519241],[-74.2908041584244,40.4778374116325],[-74.2907768716742,40.4778144951305],[-74.2906974524235,40.4777478097572]]}},{"type":"Feature","id":370334,"properties":{"OBJECTID":370334,"PRIMENAME":"Catherine Street","ELEVTYP_F":0,"ELEVTYP_T":0},"geometry":{"type":"LineString","coordinates":[[-74.2829984547158,40.4776416219358],[-74.2828111454783,40.4777136595269],[-74.2825856462914,40.4778002837119],[-74.2820510450621,40.4780384349787],[-74.282045723203,40.4780410773121],[-74.2820406598981,40.4780440038327],[-74.2820358846883,40.4780471974841],[-74.2820314200321,40.478050642998],[-74.2820272895645,40.4780543260088],[-74.2820235134141,40.4780582222374],[-74.2820201128602,40.4780623164131],[-74.282017100955,40.4780665842436],[-74.2820144989922,40.4780710059549],[-74.2820123153064,40.4780755572458],[-74.2820105641178,40.4780802174284],[-74.2820092525874,40.478084960398],[-74.2820083878676,40.4780897627514],[-74.2820079735753,40.4780946001785],[-74.2820080121482,40.4780994483666],[-74.2820085072091,40.4781042812043],[-74.2820094505779,40.4781090752595],[-74.2820108411538,40.4781138062131],[-74.2820126695891,40.4781184470284],[-74.282014927689,40.4781229787766],[-74.2820176061057,40.4781273744209],[-74.2820206860354,40.4781316132114],[-74.2822045381117,40.4782643044224]]}},{"type":"Feature","id":370905,"properties":{"OBJECTID":370905,"PRIMENAME":"US Highway 9","ELEVTYP_F":0,"ELEVTYP_T":0},"geometry":{"type":"LineString","coordinates":[[-74.2969468605607,40.4840026092128],[-74.2969957622117,40.4842072110744],[-74.2970391248948,40.4844125397689],[-74.2970552784477,40.4844968152041],[-74.2970804672796,40.4846237992335],[-74.2972120260636,40.4852870306155],[-74.2972574706301,40.4855257998268]]}},{"type":"Feature","id":371449,"properties":{"OBJECTID":371449,"PRIMENAME":"US Highway 9","ELEVTYP_F":0,"ELEVTYP_T":0},"geometry":{"type":"LineString","coordinates":[[-74.2932598642426,40.4747192326729],[-74.2929447439229,40.4751193773692],[-74.2923950653286,40.475809836793],[-74.2922870324321,40.4759299621248]]}},{"type":"Feature","id":371582,"properties":{"OBJECTID":371582,"PRIMENAME":"Bayshore Drive","ELEVTYP_F":0,"ELEVTYP_T":0},"geometry":{"type":"LineString","coordinates":[[-74.2766904348074,40.4810540848812],[-74.2764594584515,40.4811494433316],[-74.2762116101585,40.4812266785193],[-74.2760479911858,40.4812742627228],[-74.2760068885835,40.4813054882095],[-74.2760104360004,40.4813595691444],[-74.2762251338796,40.4818039560863]]}},{"type":"Feature","id":371941,"properties":{"OBJECTID":371941,"PRIMENAME":"Bordentown Avenue","ELEVTYP_F":0,"ELEVTYP_T":0},"geometry":{"type":"LineString","coordinates":[[-74.2863122578732,40.4749739741642],[-74.2861712379539,40.4750866205758],[-74.2856701235415,40.475484781811]]}},{"type":"Feature","id":371963,"properties":{"OBJECTID":371963,"PRIMENAME":"Bordentown Avenue","ELEVTYP_F":0,"ELEVTYP_T":0},"geometry":{"type":"LineString","coordinates":[[-74.285423662178,40.4756782132187],[-74.2851075103827,40.4759234811793],[-74.2850434677156,40.4759747234995],[-74.2850306740497,40.4759849660426]]}},{"type":"Feature","id":372446,"properties":{"OBJECTID":372446,"PRIMENAME":"State Highway 35","ELEVTYP_F":0,"ELEVTYP_T":0},"geometry":{"type":"LineString","coordinates":[[-74.2870006115496,40.4744283304562],[-74.2870287838159,40.4744657713331],[-74.2870579944176,40.4745045587639]]}},{"type":"Feature","id":373207,"properties":{"OBJECTID":373207,"PRIMENAME":"US Highway 9","ELEVTYP_F":0,"ELEVTYP_T":0},"geometry":{"type":"LineString","coordinates":[[-74.2974558917662,40.469102818324],[-74.2974512695565,40.4691214840119],[-74.2973838808409,40.4693464951864],[-74.2972850201951,40.4695660428041],[-74.2970909426478,40.4699168061857],[-74.2970310449998,40.4700051497726],[-74.2967246362409,40.4703797351654],[-74.2966159292211,40.4705157254795],[-74.2964357707051,40.4707410914564],[-74.296182117833,40.4710702816494],[-74.2961674594402,40.4710877146245],[-74.2960955378865,40.4711732634459]]}},{"type":"Feature","id":374374,"properties":{"OBJECTID":374374,"PRIMENAME":"Stockton Street","ELEVTYP_F":0,"ELEVTYP_T":0},"geometry":{"type":"LineString","coordinates":[[-74.2850560741334,40.4851112478292],[-74.2849891729606,40.485080397384]]}},{"type":"Feature","id":374812,"properties":{"OBJECTID":374812,"PRIMENAME":"Main Street","ELEVTYP_F":0,"ELEVTYP_T":0},"geometry":{"type":"LineString","coordinates":[[-74.2840882894432,40.4863004270643],[-74.2842321827698,40.4861689700648],[-74.2848413886655,40.4853880282108],[-74.2850560741334,40.4851112478292]]}},{"type":"Feature","id":374816,"properties":{"OBJECTID":374816,"PRIMENAME":"Stevens Avenue North","ELEVTYP_F":0,"ELEVTYP_T":0},"geometry":{"type":"LineString","coordinates":[[-74.2859570793132,40.4838379110584],[-74.2860183530218,40.4838647787368]]}},{"type":"Feature","id":374925,"properties":{"OBJECTID":374925,"PRIMENAME":"Bordentown Avenue","ELEVTYP_F":0,"ELEVTYP_T":0},"geometry":{"type":"LineString","coordinates":[[-74.2870006115496,40.4744283304562],[-74.2869932968301,40.4744340270031],[-74.2867874951221,40.4745945126954],[-74.2863122578732,40.4749739741642]]}},{"type":"Feature","id":375085,"properties":{"OBJECTID":375085,"PRIMENAME":"State Highway 35","ELEVTYP_F":0,"ELEVTYP_T":0},"geometry":{"type":"LineString","coordinates":[[-74.2853705622473,40.4722362293082],[-74.285177683456,40.4719972359319],[-74.2848233476252,40.4715640790783],[-74.2845016601381,40.4711738891619],[-74.2843306730502,40.4709680371057]]}},{"type":"Feature","id":376152,"properties":{"OBJECTID":376152,"PRIMENAME":"Potter Street","ELEVTYP_F":0,"ELEVTYP_T":0},"geometry":{"type":"LineString","coordinates":[[-74.2869768380121,40.4826374337153],[-74.2869088647715,40.482606674258]]}},{"type":"Feature","id":376369,"properties":{"OBJECTID":376369,"PRIMENAME":"Main Street","ELEVTYP_F":0,"ELEVTYP_T":0},"geometry":{"type":"LineString","coordinates":[[-74.2860183530218,40.4838647787368],[-74.286676478055,40.4830237496872],[-74.2869768380121,40.4826374337153]]}},{"type":"Feature","id":376795,"properties":{"OBJECTID":376795,"PRIMENAME":"Main Street","ELEVTYP_F":0,"ELEVTYP_T":0},"geometry":{"type":"LineString","coordinates":[[-74.2869768380121,40.4826374337153],[-74.2875789284812,40.4818630177081],[-74.2878214724636,40.4815460563839],[-74.2878817056569,40.4814088094473]]}},{"type":"Feature","id":376843,"properties":{"OBJECTID":376843,"PRIMENAME":"Main Street","ELEVTYP_F":0,"ELEVTYP_T":0},"geometry":{"type":"LineString","coordinates":[[-74.2917530954631,40.4766988766566],[-74.2919034084118,40.4765191942362],[-74.2921340777505,40.4762434575431],[-74.2923465648523,40.4760178872998]]}},{"type":"Feature","id":376962,"properties":{"OBJECTID":376962,"PRIMENAME":"Bordentown Avenue","ELEVTYP_F":0,"ELEVTYP_T":0},"geometry":{"type":"LineString","coordinates":[[-74.2850306740497,40.4759849660426],[-74.285024078638,40.4759902251918],[-74.284796993478,40.4761718001983]]}},{"type":"Feature","id":376975,"properties":{"OBJECTID":376975,"PRIMENAME":"Bordentown Avenue","ELEVTYP_F":0,"ELEVTYP_T":0},"geometry":{"type":"LineString","coordinates":[[-74.2829984547158,40.4776416219358],[-74.2827276183853,40.4778550516721],[-74.2826377266694,40.4779258895869],[-74.2822045381117,40.4782643044224]]}},{"type":"Feature","id":377035,"properties":{"OBJECTID":377035,"PRIMENAME":"Main Street","ELEVTYP_F":0,"ELEVTYP_T":0},"geometry":{"type":"LineString","coordinates":[[-74.2850560741334,40.4851112478292],[-74.2857439103939,40.4842244517008],[-74.2860183530218,40.4838647787368]]}},{"type":"Feature","id":377101,"properties":{"OBJECTID":377101,"PRIMENAME":"Walnut Street","ELEVTYP_F":0,"ELEVTYP_T":0},"geometry":{"type":"LineString","coordinates":[[-74.2906564872773,40.4829802284603],[-74.2906884202244,40.4830174428414],[-74.2911507955166,40.4828069248164]]}},{"type":"Feature","id":379745,"properties":{"OBJECTID":379745,"PRIMENAME":"Stockton Street","ELEVTYP_F":0,"ELEVTYP_T":0},"geometry":{"type":"LineString","coordinates":[[-74.2849891729606,40.485080397384],[-74.2844883523582,40.484847458759],[-74.2841003714079,40.4846730231949]]}},{"type":"Feature","id":380325,"properties":{"OBJECTID":380325,"PRIMENAME":"US Highway 9","ELEVTYP_F":0,"ELEVTYP_T":0},"geometry":{"type":"LineString","coordinates":[[-74.2946690052331,40.4729691641278],[-74.2943820267826,40.4733290080959],[-74.2942009616733,40.4735535961117]]}},{"type":"Feature","id":382518,"properties":{"OBJECTID":382518,"PRIMENAME":"US Highway 9","ELEVTYP_F":0,"ELEVTYP_T":0},"geometry":{"type":"LineString","coordinates":[[-74.2908885052027,40.478042571208],[-74.2910530989707,40.478186662718],[-74.2912197003999,40.4783294026975],[-74.2913882904691,40.4784707748387],[-74.2915588499294,40.4786107629901],[-74.2917567956587,40.4787589454307]]}},{"type":"Feature","id":385391,"properties":{"OBJECTID":385391,"PRIMENAME":"Main Street","ELEVTYP_F":0,"ELEVTYP_T":0},"geometry":{"type":"LineString","coordinates":[[-74.2968297629733,40.4963237220445],[-74.2969178178401,40.4964376590202],[-74.2969920980621,40.4965336491603],[-74.2970467800536,40.4966008008333],[-74.2971116351856,40.4966922261525],[-74.297159129924,40.4967704924579],[-74.297206263202,40.4968481627909],[-74.2972789952234,40.4969684688802],[-74.2973295204626,40.4970861709822],[-74.2973838616928,40.4971915609104],[-74.2975984315722,40.4976934355791]]}},{"type":"Feature","id":385638,"properties":{"OBJECTID":385638,"PRIMENAME":"Bordentown Avenue","ELEVTYP_F":0,"ELEVTYP_T":0},"geometry":{"type":"LineString","coordinates":[[-74.284796993478,40.4761718001983],[-74.2845069408967,40.4764037235436],[-74.2838781394673,40.4768957956324],[-74.2835340730708,40.4771659050755],[-74.283532518028,40.477168288845],[-74.2834541982583,40.4772882714894]]}},{"type":"Feature","id":385777,"properties":{"OBJECTID":385777,"PRIMENAME":"US Highway 9","ELEVTYP_F":0,"ELEVTYP_T":0},"geometry":{"type":"LineString","coordinates":[[-74.2980205869717,40.4885673188423],[-74.297987619932,40.4883924024275],[-74.297924676204,40.4880584502415],[-74.2977539137591,40.4872252775583],[-74.297592452854,40.4864207798479],[-74.2974447914734,40.4857270721915],[-74.2973064239566,40.4850405730235],[-74.2972190295602,40.484607609458],[-74.2971772318208,40.4844005371894],[-74.2971171349874,40.4841323689154],[-74.2971047801637,40.4840925428219]]}},{"type":"Feature","id":386358,"properties":{"OBJECTID":386358,"PRIMENAME":"Great Beds Way","ELEVTYP_F":0,"ELEVTYP_T":0},"geometry":{"type":"LineString","coordinates":[[-74.271796077889,40.4790923746912],[-74.2720738191319,40.4794645595143],[-74.2721467937565,40.4795623483491]]}},{"type":"Feature","id":386558,"properties":{"OBJECTID":386558,"PRIMENAME":"US Highway 9","ELEVTYP_F":0,"ELEVTYP_T":0},"geometry":{"type":"LineString","coordinates":[[-74.2955618171043,40.471814876493],[-74.2955177149488,40.4718729408131]]}},{"type":"Feature","id":386568,"properties":{"OBJECTID":386568,"PRIMENAME":"US Highway 9","ELEVTYP_F":0,"ELEVTYP_T":0},"geometry":{"type":"LineString","coordinates":[[-74.2968404373218,40.4833723586472],[-74.296792112318,40.4832667779551],[-74.2967065378062,40.4830792722202]]}},{"type":"Feature","id":386588,"properties":{"OBJECTID":386588,"PRIMENAME":"Stevens Avenue North","ELEVTYP_F":0,"ELEVTYP_T":0},"geometry":{"type":"LineString","coordinates":[[-74.2860183530218,40.4838647787368],[-74.2863152555549,40.4839949724364],[-74.2866989548412,40.4841710957837],[-74.2870196477977,40.4843191830288]]}},{"type":"Feature","id":386873,"properties":{"OBJECTID":386873,"PRIMENAME":"Main Street","ELEVTYP_F":0,"ELEVTYP_T":0},"geometry":{"type":"LineString","coordinates":[[-74.2859570793132,40.4838379110584],[-74.2849891729606,40.485080397384]]}},{"type":"Feature","id":386990,"properties":{"OBJECTID":386990,"PRIMENAME":"State Highway 35","ELEVTYP_F":0,"ELEVTYP_T":0},"geometry":{"type":"LineString","coordinates":[[-74.2906974524235,40.4777478097572],[-74.2904073479595,40.477504283837],[-74.2901907088255,40.4773240358561],[-74.2896883350341,40.4769060470308],[-74.2890346804525,40.4763794083939],[-74.2885771408204,40.4760104216902],[-74.2883203335507,40.4758026390273],[-74.2882223342627,40.4757130778037],[-74.2881383206683,40.4756343029176],[-74.2880496447115,40.4755519231849],[-74.2879827783388,40.4754844618795]]}},{"type":"Feature","id":387212,"properties":{"OBJECTID":387212,"PRIMENAME":"State Highway 35","ELEVTYP_F":0,"ELEVTYP_T":0},"geometry":{"type":"LineString","coordinates":[[-74.2876811164096,40.4751616285394],[-74.2875599065337,40.475000568627],[-74.2873734493807,40.4747607397206],[-74.2871321560645,40.4744467728217]]}},{"type":"Feature","id":387309,"properties":{"OBJECTID":387309,"PRIMENAME":"US Highway 9","ELEVTYP_F":0,"ELEVTYP_T":0},"geometry":{"type":"LineString","coordinates":[[-74.2967065378062,40.4830792722202],[-74.29663864325,40.4829305310853],[-74.2965361567075,40.4827480732304],[-74.2964243772536,40.4825477015147],[-74.2962986431673,40.482361579239],[-74.2961587872502,40.4821611568679],[-74.2960049114978,40.4819607374975],[-74.2958649610049,40.4817924879406],[-74.295855080915,40.4817814161084],[-74.2956924071838,40.481599144758],[-74.2955243548967,40.4814273038088],[-74.2954077191474,40.481312679955],[-74.2952443698675,40.4811551498863],[-74.2951369805645,40.481062008749],[-74.2949455092512,40.4809079138581],[-74.294726052171,40.4807360354603],[-74.2944715423959,40.4805482845833],[-74.2943751807326,40.4804771990566],[-74.2943617591012,40.480467297923],[-74.293945972013,40.4801805412137],[-74.2934648661518,40.4798473286623],[-74.2930491231843,40.4795605966996],[-74.2928053220385,40.479391019885],[-74.2926988226536,40.4793169417814],[-74.2923951596806,40.4791055150138],[-74.2920775837307,40.4788833295541],[-74.2918627696377,40.4787256462188],[-74.2918176501471,40.4786916893968]]}},{"type":"Feature","id":387479,"properties":{"OBJECTID":387479,"PRIMENAME":"Stevens Avenue North","ELEVTYP_F":0,"ELEVTYP_T":0},"geometry":{"type":"LineString","coordinates":[[-74.2850551394355,40.4834292787265],[-74.2854082215006,40.4835875330938],[-74.2859570793132,40.4838379110584]]}},{"type":"Feature","id":387575,"properties":{"OBJECTID":387575,"PRIMENAME":"US Highway 9","ELEVTYP_F":0,"ELEVTYP_T":0},"geometry":{"type":"LineString","coordinates":[[-74.2960955378865,40.4711732634459],[-74.2959696713783,40.4713230088905]]}},{"type":"Feature","id":387583,"properties":{"OBJECTID":387583,"PRIMENAME":"Bordentown Amboy Turnpike","ELEVTYP_F":0,"ELEVTYP_T":0},"geometry":{"type":"LineString","coordinates":[[-74.287073981261,40.4743710915778],[-74.2870670625909,40.4743764871463],[-74.2870006115496,40.4744283304562]]}},{"type":"Feature","id":387680,"properties":{"OBJECTID":387680,"PRIMENAME":"Colonel Db Kelly Way","ELEVTYP_F":0,"ELEVTYP_T":0},"geometry":{"type":"LineString","coordinates":[[-74.2874966517918,40.4774157712194],[-74.2864357775203,40.4778202813228]]}},{"type":"Feature","id":387687,"properties":{"OBJECTID":387687,"PRIMENAME":"State Highway 35","ELEVTYP_F":0,"ELEVTYP_T":0},"geometry":{"type":"LineString","coordinates":[[-74.2843306730502,40.4709680371057],[-74.2841612200869,40.4707640285538],[-74.2841240010243,40.470719219973],[-74.2838303267689,40.470361225941],[-74.2836211683089,40.4701023251217]]}},{"type":"Feature","id":387710,"properties":{"OBJECTID":387710,"PRIMENAME":"State Highway 35","ELEVTYP_F":0,"ELEVTYP_T":0},"geometry":{"type":"LineString","coordinates":[[-74.2879827783388,40.4754844618795],[-74.2879609913362,40.4754624338124],[-74.2878770840795,40.4753729251611],[-74.2878741887285,40.4753699189318],[-74.2877977200064,40.4752905353015],[-74.2876811164096,40.4751616285394]]}},{"type":"Feature","id":387975,"properties":{"OBJECTID":387975,"PRIMENAME":"Washington Avenue","ELEVTYP_F":0,"ELEVTYP_T":0},"geometry":{"type":"LineString","coordinates":[[-74.2890183383585,40.4810028521625],[-74.2888702977015,40.4810592137086],[-74.2884705700095,40.4812515760914],[-74.2882814160615,40.4813372898475],[-74.2881990811933,40.4813627512311],[-74.2880334214098,40.4814306354479],[-74.2878817056569,40.4814088094473]]}},{"type":"Feature","id":388001,"properties":{"OBJECTID":388001,"PRIMENAME":"Augusta Street","ELEVTYP_F":0,"ELEVTYP_T":0},"geometry":{"type":"LineString","coordinates":[[-74.2816631924408,40.4833506694405],[-74.2804966235636,40.483870585077]]}},{"type":"Feature","id":388075,"properties":{"OBJECTID":388075,"PRIMENAME":"US Highway 9","ELEVTYP_F":0,"ELEVTYP_T":0},"geometry":{"type":"LineString","coordinates":[[-74.2917567956587,40.4787589454307],[-74.2919138424638,40.4788736206749],[-74.2920725911931,40.4789869214533],[-74.2924021008354,40.4792199936196],[-74.2927337883225,40.4794512584516],[-74.2930908382778,40.4796965284704],[-74.2934478855602,40.4799420885215],[-74.2938008457096,40.4801910710984],[-74.2942336908466,40.4804913001045],[-74.2946602933382,40.4807966961505],[-74.2947871625934,40.4808949398037],[-74.2949113956036,40.4809951286926],[-74.2950329412184,40.4810972215759],[-74.2951517493927,40.4812011764284],[-74.2952677712081,40.4813069504584],[-74.2953809588919,40.481414500125],[-74.2954912658377,40.4815237811562],[-74.2955986466242,40.4816347485671],[-74.2956852826521,40.4817294098902],[-74.2957696590137,40.4818252539688],[-74.2958471414059,40.4819167039059],[-74.295922566539,40.4820091512426],[-74.2959959123904,40.4821025689968],[-74.2960671575441,40.4821969299027],[-74.296136281197,40.4822922064194],[-74.2962032631649,40.4823883707383],[-74.2962680838885,40.482485394792],[-74.2963307244391,40.4825832502617],[-74.2964196266372,40.482733858112],[-74.2965027163027,40.4828863887899],[-74.2965799221644,40.4830407115326],[-74.2966511779936,40.4831966940404]]}},{"type":"Feature","id":388289,"properties":{"OBJECTID":388289,"PRIMENAME":"Main Street","ELEVTYP_F":0,"ELEVTYP_T":0},"geometry":{"type":"LineString","coordinates":[[-74.2906974524235,40.4777478097572],[-74.2906434087252,40.4778329479403]]}},{"type":"Feature","id":388350,"properties":{"OBJECTID":388350,"PRIMENAME":"Potter Street","ELEVTYP_F":0,"ELEVTYP_T":0},"geometry":{"type":"LineString","coordinates":[[-74.2879823206539,40.4830924219856],[-74.2869768380121,40.4826374337153]]}},{"type":"Feature","id":388399,"properties":{"OBJECTID":388399,"PRIMENAME":"US Highway 9","ELEVTYP_F":0,"ELEVTYP_T":0},"geometry":{"type":"LineString","coordinates":[[-74.2922870324321,40.4759299621248],[-74.2922738583487,40.4759446034878]]}},{"type":"Feature","id":388691,"properties":{"OBJECTID":388691,"PRIMENAME":"State Highway 35","ELEVTYP_F":0,"ELEVTYP_T":0},"geometry":{"type":"LineString","coordinates":[[-74.2973522629198,40.493246354821],[-74.2972092793411,40.4937370161303],[-74.2971782931445,40.4940085924143],[-74.2971737638612,40.4942230339788],[-74.2971808399684,40.4944643167247],[-74.2972113072139,40.4947115963847],[-74.2972433289445,40.4949696602188],[-74.2972619069071,40.4951132193219],[-74.2972741887721,40.4951983631944],[-74.2972790899886,40.4952969342491],[-74.2972788104506,40.4953780563782],[-74.2972572237387,40.4954388129676],[-74.2972319156202,40.4954848412943],[-74.2971372863121,40.4955763325408],[-74.2967503057427,40.4958448379909],[-74.2965950408758,40.4959552470826]]}},{"type":"Feature","id":388797,"properties":{"OBJECTID":388797,"PRIMENAME":"State Highway 35","ELEVTYP_F":0,"ELEVTYP_T":0},"geometry":{"type":"LineString","coordinates":[[-74.2878220735972,40.4754675592814],[-74.2878299191057,40.475476467453],[-74.2879885408923,40.4756411658151],[-74.288165880713,40.4758094935959],[-74.2882732267548,40.4758990440678],[-74.2883712854352,40.4759814408039],[-74.2885627037104,40.4761319224459],[-74.2889875276275,40.4764794107676],[-74.289631882659,40.4770024356024],[-74.2901066113476,40.477384057276],[-74.2901221066323,40.477396513271],[-74.2903555780393,40.4775863791652],[-74.2905757800804,40.4777780875563]]}},{"type":"Feature","id":389087,"properties":{"OBJECTID":389087,"PRIMENAME":"Main Street","ELEVTYP_F":0,"ELEVTYP_T":0},"geometry":{"type":"LineString","coordinates":[[-74.2965950408758,40.4959552470826],[-74.2967655308202,40.4962309521134],[-74.2968297629733,40.4963237220445]]}},{"type":"Feature","id":389914,"properties":{"OBJECTID":389914,"PRIMENAME":"Main Street","ELEVTYP_F":0,"ELEVTYP_T":0},"geometry":{"type":"LineString","coordinates":[[-74.2869088647715,40.482606674258],[-74.2859570793132,40.4838379110584]]}},{"type":"Feature","id":390607,"properties":{"OBJECTID":390607,"PRIMENAME":"1st Street","ELEVTYP_F":0,"ELEVTYP_T":0},"geometry":{"type":"LineString","coordinates":[[-74.2832079553328,40.4842716876272],[-74.2837436229856,40.4835724350077],[-74.284175575584,40.4830256967489]]}},{"type":"Feature","id":391647,"properties":{"OBJECTID":391647,"PRIMENAME":"Garden State Parkway","ELEVTYP_F":1,"ELEVTYP_T":1},"geometry":{"type":"LineString","coordinates":[[-74.2953657035509,40.4720732865652],[-74.2954094581597,40.4721177806618],[-74.2954510218094,40.4721618313542]]}},{"type":"Feature","id":391940,"properties":{"OBJECTID":391940,"PRIMENAME":"MAIN ST to STATE WHY 35","ELEVTYP_F":0,"ELEVTYP_T":0},"geometry":{"type":"LineString","coordinates":[[-74.2906249843977,40.4778619852506],[-74.290590329204,40.4778980151384],[-74.2905505883012,40.4779308408347],[-74.2905062657621,40.4779600459735],[-74.2904579237758,40.4779852601117],[-74.2904061755172,40.4780061634285],[-74.2903516773689,40.478022490782],[-74.2902951205951,40.4780340350728],[-74.2902372225736,40.4780406498705],[-74.2901792602153,40.4780430250511],[-74.2901213512683,40.4780399836244],[-74.2900643605625,40.4780315710121],[-74.2900091392138,40.4780179128505],[-74.2899565119127,40.4779992131148],[-74.2899072646078,40.477975751072],[-74.2898621327676,40.4779478771106],[-74.289821790397,40.4779160075072],[-74.2897970767347,40.4778886821027],[-74.2897754069364,40.4778598896526],[-74.2897569294461,40.4778298273984],[-74.2897417708387,40.4777987012802],[-74.2897300349528,40.4777667245257],[-74.2897218021793,40.4777341161897],[-74.2897171289111,40.4777010996531],[-74.2897160471568,40.4776679010927],[-74.2897283817587,40.4776314953757],[-74.2897479510334,40.4775969876545],[-74.2897742827457,40.4775652106326],[-74.2898067414789,40.4775369311177],[-74.2898445439687,40.4775128315189],[-74.2898867780047,40.4774934933795],[-74.2899324244422,40.4774793833444],[-74.2899803817948,40.4774708419001],[-74.290018134945,40.4774712151248],[-74.2900557239243,40.4774739265875],[-74.2900929007962,40.4774789584035],[-74.2901294203426,40.4774862773829],[-74.2901650416808,40.4774958352498],[-74.2901995298524,40.4775075689607],[-74.2902326573731,40.4775214011201],[-74.2902642057329,40.4775372404911],[-74.2904215459527,40.4776564923571],[-74.2905757800804,40.4777780875563]]}},{"type":"Feature","id":392228,"properties":{"OBJECTID":392228,"PRIMENAME":"US Highway 9","ELEVTYP_F":0,"ELEVTYP_T":0},"geometry":{"type":"LineString","coordinates":[[-74.2906434087252,40.4778329479403],[-74.2906439463531,40.4778333884237],[-74.2907239071861,40.4778996362045],[-74.2908004930763,40.4779642305603],[-74.2908885052027,40.478042571208]]}},{"type":"Feature","id":392430,"properties":{"OBJECTID":392430,"PRIMENAME":"State Highway 35","ELEVTYP_F":0,"ELEVTYP_T":0},"geometry":{"type":"LineString","coordinates":[[-74.2856426105413,40.4727419500647],[-74.2857552656969,40.4728776036763],[-74.2857765140997,40.4729034840876],[-74.2859705429562,40.4731398072758]]}},{"type":"Feature","id":392486,"properties":{"OBJECTID":392486,"PRIMENAME":"US Highway 9","ELEVTYP_F":0,"ELEVTYP_T":0},"geometry":{"type":"LineString","coordinates":[[-74.2979908569043,40.49010097351],[-74.2979866107051,40.4901979786448],[-74.2979694874893,40.490358724264],[-74.2979118246843,40.4909000829123],[-74.2978739595626,40.4911248100933],[-74.2978227273008,40.4913362277392],[-74.2977537227451,40.4915960935032],[-74.297678211892,40.4918641714996],[-74.2976126976049,40.492079425934],[-74.2975423131231,40.4923104049391],[-74.2974796892772,40.4925409895045],[-74.2973998352553,40.4928784155566],[-74.2973657877525,40.4931417583892],[-74.2973522629198,40.493246354821]]}},{"type":"Feature","id":392662,"properties":{"OBJECTID":392662,"PRIMENAME":"State Highway 35","ELEVTYP_F":0,"ELEVTYP_T":0},"geometry":{"type":"LineString","coordinates":[[-74.2835461454888,40.470193817138],[-74.2838111068551,40.4705148906806],[-74.2842144386182,40.4710048903346]]}},{"type":"Feature","id":392706,"properties":{"OBJECTID":392706,"PRIMENAME":"US Highway 9","ELEVTYP_F":0,"ELEVTYP_T":0},"geometry":{"type":"LineString","coordinates":[[-74.2923465648523,40.4760178872998],[-74.2923911193266,40.4759705858333],[-74.2925989339475,40.4757137114585],[-74.2931345293774,40.4750312405993],[-74.2933646812162,40.4747455727454],[-74.2937015963979,40.4743273846251],[-74.2938330133585,40.474164420404]]}},{"type":"Feature","id":393031,"properties":{"OBJECTID":393031,"PRIMENAME":"US Highway 9","ELEVTYP_F":0,"ELEVTYP_T":0},"geometry":{"type":"LineString","coordinates":[[-74.2973522629198,40.493246354821],[-74.2973263588081,40.4935405666621],[-74.2973248209303,40.4936517713272],[-74.2973242176046,40.4936954590359],[-74.2973389943203,40.4939911841011],[-74.2973521443494,40.4942143603818],[-74.2974051582934,40.4945382963022],[-74.2974546292739,40.4947624422491],[-74.2975330580352,40.4950340868939],[-74.2976071766885,40.4952680423858],[-74.2976372198334,40.4953421944859],[-74.2977388611331,40.495593059699],[-74.297853994075,40.4958618124437],[-74.2979316747062,40.4960019479035],[-74.2980267033326,40.4961626921624]]}},{"type":"Feature","id":393039,"properties":{"OBJECTID":393039,"PRIMENAME":"Thompson Street","ELEVTYP_F":0,"ELEVTYP_T":0},"geometry":{"type":"LineString","coordinates":[[-74.2878817056569,40.4814088094473],[-74.2869171764009,40.4809900759661]]}},{"type":"Feature","id":393217,"properties":{"OBJECTID":393217,"PRIMENAME":"Gordon Street","ELEVTYP_F":0,"ELEVTYP_T":0},"geometry":{"type":"LineString","coordinates":[[-74.284796993478,40.4761718001983],[-74.2847320454064,40.4761308264614],[-74.2847207655455,40.4761253340966],[-74.2847090735745,40.4761203687351],[-74.284697014261,40.476115945771],[-74.2846846311817,40.4761120841985],[-74.2846719655774,40.4761087958029],[-74.2846590645829,40.4761060932805],[-74.2846459729771,40.4761039884231],[-74.2846327414618,40.4761024849276],[-74.284619414836,40.4761015882811],[-74.2846060426163,40.4761013039799],[-74.2845926731483,40.4761016348158],[-74.284579352451,40.4761025736696],[-74.2845661288728,40.4761041224326],[-74.2845530507913,40.47610627399],[-74.2845401665926,40.476109018525],[-74.2845275199338,40.4761123498147],[-74.2845151568567,40.4761162535347],[-74.2845031222209,40.4761207162594],[-74.2844914620769,40.4761257209625],[-74.2830642719548,40.4767721395222]]}},{"type":"Feature","id":393745,"properties":{"OBJECTID":393745,"PRIMENAME":"US Highway 9","ELEVTYP_F":0,"ELEVTYP_T":0},"geometry":{"type":"LineString","coordinates":[[-74.2906434087252,40.4778329479403],[-74.2906249843977,40.4778619852506]]}},{"type":"Feature","id":393830,"properties":{"OBJECTID":393830,"PRIMENAME":"US Highway 9","ELEVTYP_F":0,"ELEVTYP_T":0},"geometry":{"type":"LineString","coordinates":[[-74.2972574706301,40.4855257998268],[-74.2975161656839,40.4868853423781],[-74.2976124809268,40.4873538043186]]}},{"type":"Feature","id":393881,"properties":{"OBJECTID":393881,"PRIMENAME":"Garden State Parkway","ELEVTYP_F":0,"ELEVTYP_T":1},"geometry":{"type":"LineString","coordinates":[[-74.2952244415419,40.4719297948109],[-74.2953657035509,40.4720732865652]]}},{"type":"Feature","id":394241,"properties":{"OBJECTID":394241,"PRIMENAME":"Main Street","ELEVTYP_F":0,"ELEVTYP_T":0},"geometry":{"type":"LineString","coordinates":[[-74.2878817056569,40.4814088094473],[-74.2877522743594,40.481520193717],[-74.2873179838471,40.4820770021921],[-74.2869088647715,40.482606674258]]}},{"type":"Feature","id":394324,"properties":{"OBJECTID":394324,"PRIMENAME":"US Highway 9","ELEVTYP_F":0,"ELEVTYP_T":0},"geometry":{"type":"LineString","coordinates":[[-74.2953657035509,40.4720732865652],[-74.2952697759663,40.4721996127591],[-74.2951910767335,40.4723011172623],[-74.2948153260935,40.4727857465743],[-74.2946690052331,40.4729691641278]]}},{"type":"Feature","id":395078,"properties":{"OBJECTID":395078,"PRIMENAME":"Augusta Street","ELEVTYP_F":0,"ELEVTYP_T":0},"geometry":{"type":"LineString","coordinates":[[-74.2797463008327,40.4842015382797],[-74.2782787961914,40.4848695341272],[-74.2778081786163,40.4850734668152],[-74.2774159927701,40.4852434101429]]}},{"type":"Feature","id":395110,"properties":{"OBJECTID":395110,"PRIMENAME":"Bayshore Drive","ELEVTYP_F":0,"ELEVTYP_T":0},"geometry":{"type":"LineString","coordinates":[[-74.277336787692,40.4810548923446],[-74.2772335585193,40.4809178763236],[-74.2772064764778,40.4808997060701],[-74.2771658229382,40.480886670279],[-74.2771425249002,40.4808866253598],[-74.2771149536485,40.4808865721956],[-74.2770538932824,40.4808915880465],[-74.2769859691313,40.4809173988695],[-74.2766904348074,40.4810540848812]]}},{"type":"Feature","id":395625,"properties":{"OBJECTID":395625,"PRIMENAME":"Bordentown Avenue","ELEVTYP_F":0,"ELEVTYP_T":0},"geometry":{"type":"LineString","coordinates":[[-74.2872874130126,40.4742185251852],[-74.2872476736524,40.4742356091458],[-74.287073981261,40.4743710915778]]}},{"type":"Feature","id":395637,"properties":{"OBJECTID":395637,"PRIMENAME":"Main Street","ELEVTYP_F":0,"ELEVTYP_T":0},"geometry":{"type":"LineString","coordinates":[[-74.2899468874492,40.4788635276927],[-74.2900091089881,40.4787862564404],[-74.2901230730893,40.478644730588],[-74.2902422977242,40.4784836406768],[-74.2902547340726,40.4784668375915],[-74.2904384689431,40.47816668406],[-74.2906249843977,40.4778619852506]]}},{"type":"Feature","id":397875,"properties":{"OBJECTID":397875,"PRIMENAME":"George Street","ELEVTYP_F":0,"ELEVTYP_T":0},"geometry":{"type":"LineString","coordinates":[[-74.2845363337445,40.4786790046653],[-74.2820467483499,40.4797978394947],[-74.2815810286072,40.4800050969174]]}},{"type":"Feature","id":398740,"properties":{"OBJECTID":398740,"PRIMENAME":"US Highway 9","ELEVTYP_F":0,"ELEVTYP_T":0},"geometry":{"type":"LineString","coordinates":[[-74.2954510218094,40.4721618313542],[-74.2956077253416,40.4719670390033]]}},{"type":"Feature","id":398912,"properties":{"OBJECTID":398912,"PRIMENAME":"Garden State Parkway","ELEVTYP_F":1,"ELEVTYP_T":0},"geometry":{"type":"LineString","coordinates":[[-74.292898371011,40.469783835259],[-74.2930199191798,40.4698830706816],[-74.2934634736047,40.4702591797484],[-74.2937481808403,40.470509908156],[-74.2940189035591,40.4707498771563],[-74.2942195920373,40.4709360528736],[-74.2943969676978,40.4710936924601],[-74.2945789172149,40.4712727254931],[-74.2947656217295,40.471448196558],[-74.2950922460111,40.4717954604048],[-74.2952244415419,40.4719297948109]]}},{"type":"Feature","id":399624,"properties":{"OBJECTID":399624,"PRIMENAME":"Potter Street","ELEVTYP_F":0,"ELEVTYP_T":0},"geometry":{"type":"LineString","coordinates":[[-74.2869088647715,40.482606674258],[-74.2862750039682,40.4823125412274],[-74.2860163532976,40.4821933897379]]}},{"type":"Feature","id":410968,"properties":{"OBJECTID":410968,"PRIMENAME":"Bayside Court","ELEVTYP_F":0,"ELEVTYP_T":0},"geometry":{"type":"LineString","coordinates":[[-74.274261481741,40.4784766564615],[-74.2738252093883,40.4779177867339]]}},{"type":"Feature","id":410969,"properties":{"OBJECTID":410969,"PRIMENAME":"Bayside Court","ELEVTYP_F":0,"ELEVTYP_T":0},"geometry":{"type":"LineString","coordinates":[[-74.2738252093883,40.4779177867339],[-74.2742351221925,40.4777334861298],[-74.2742581132082,40.4777253424433],[-74.2742827387134,40.4777207668664],[-74.274308059236,40.4777199339591],[-74.274333108789,40.4777228754971],[-74.2743569317229,40.4777294792596],[-74.2743786191835,40.4777394933108],[-74.274397343785,40.4777525356108],[-74.2744123911743,40.4777681085905],[-74.2747191129645,40.478160743977],[-74.2747297114489,40.4781779473806],[-74.2747357128472,40.4781963988094],[-74.2747368866901,40.4782153896927],[-74.2747331878958,40.4782341907431],[-74.2747247585013,40.4782520799627],[-74.274711922209,40.4782683703689],[-74.2746951719561,40.4782824363767],[-74.2746751509849,40.478293737822],[-74.274261481741,40.4784766564615]]}},{"type":"Feature","id":410970,"properties":{"OBJECTID":410970,"PRIMENAME":"Bayside Court","ELEVTYP_F":0,"ELEVTYP_T":0},"geometry":{"type":"LineString","coordinates":[[-74.2744820434245,40.4787591936039],[-74.2742745973875,40.4784934572912],[-74.274261481741,40.4784766564615]]}},{"type":"Feature","id":410971,"properties":{"OBJECTID":410971,"PRIMENAME":"Bayside Court","ELEVTYP_F":0,"ELEVTYP_T":0},"geometry":{"type":"LineString","coordinates":[[-74.2738252093883,40.4779177867339],[-74.2734969489921,40.4780615624578]]}},{"type":"Feature","id":410972,"properties":{"OBJECTID":410972,"PRIMENAME":"Bayside Court","ELEVTYP_F":0,"ELEVTYP_T":0},"geometry":{"type":"LineString","coordinates":[[-74.274261481741,40.4784766564615],[-74.2739333519454,40.4786217485907]]}},{"type":"Feature","id":414701,"properties":{"OBJECTID":414701,"PRIMENAME":"John T Oleary Boulevard","ELEVTYP_F":0,"ELEVTYP_T":0},"geometry":{"type":"LineString","coordinates":[[-74.2766488528826,40.4777483337996],[-74.276682246468,40.4777274945971],[-74.2773423212019,40.4774361005379],[-74.2779755425559,40.4771427867977],[-74.278052026353,40.4771083376121]]}},{"type":"Feature","id":414702,"properties":{"OBJECTID":414702,"PRIMENAME":"West Woodmont Circle","ELEVTYP_F":0,"ELEVTYP_T":0},"geometry":{"type":"LineString","coordinates":[[-74.2776836600785,40.4766292062627],[-74.2775093734273,40.4764025107913]]}},{"type":"Feature","id":414703,"properties":{"OBJECTID":414703,"PRIMENAME":"East Woodmont Circle","ELEVTYP_F":0,"ELEVTYP_T":0},"geometry":{"type":"LineString","coordinates":[[-74.276124540749,40.4767457597865],[-74.2760204264045,40.4768167892739],[-74.2760088602144,40.4768261494153],[-74.2759995415448,40.4768368724874],[-74.2759927406472,40.4768486475109],[-74.2759886547558,40.4768611329983],[-74.2759874023671,40.476873966858],[-74.2759890198032,40.4768867768949],[-74.2759934601585,40.4768991916047],[-74.2760005946594,40.4769108509478],[-74.2762668633318,40.4772640200372]]}},{"type":"Feature","id":414704,"properties":{"OBJECTID":414704,"PRIMENAME":"Littell Drive","ELEVTYP_F":0,"ELEVTYP_T":0},"geometry":{"type":"LineString","coordinates":[[-74.2778572315303,40.4768549706337],[-74.2777823396512,40.4768884887945],[-74.2765191176731,40.4774538376336],[-74.2764375106986,40.4774903590604]]}},{"type":"Feature","id":414705,"properties":{"OBJECTID":414705,"PRIMENAME":"Casey Road","ELEVTYP_F":0,"ELEVTYP_T":0},"geometry":{"type":"LineString","coordinates":[[-74.2762668633318,40.4772640200372],[-74.2763455374252,40.477228770154],[-74.2775988383252,40.4766672119823],[-74.2776836600785,40.4766292062627]]}},{"type":"Feature","id":414706,"properties":{"OBJECTID":414706,"PRIMENAME":"Nebus Drive","ELEVTYP_F":0,"ELEVTYP_T":0},"geometry":{"type":"LineString","coordinates":[[-74.2775093734273,40.4764025107913],[-74.2774278476216,40.4764392870606],[-74.2763515494482,40.4769211448278],[-74.2763412039136,40.4769248443214],[-74.2763301447877,40.4769270304886],[-74.2763187480398,40.4769276290079],[-74.2763074011174,40.4769266195317],[-74.2762964897738,40.4769240363785],[-74.2762863849544,40.476919967366],[-74.2762774301853,40.4769145508256],[-74.2762699298953,40.4769079708996],[-74.2761745849471,40.476801594281],[-74.276124540749,40.4767457597865]]}},{"type":"Feature","id":414707,"properties":{"OBJECTID":414707,"PRIMENAME":"John T Oleary Boulevard","ELEVTYP_F":0,"ELEVTYP_T":0},"geometry":{"type":"LineString","coordinates":[[-74.278052026353,40.4771083376121],[-74.2781197836577,40.4770778191058],[-74.2782810993729,40.4770166126147],[-74.2783910725147,40.4769795408463],[-74.2788235346469,40.4768629291362],[-74.2788797532754,40.4768406676366],[-74.2790533405302,40.4767589778899]]}},{"type":"Feature","id":414708,"properties":{"OBJECTID":414708,"PRIMENAME":"West Woodmont Circle","ELEVTYP_F":0,"ELEVTYP_T":0},"geometry":{"type":"LineString","coordinates":[[-74.278052026353,40.4771083376121],[-74.2779914636552,40.4770295652805],[-74.2778572315303,40.4768549706337]]}},{"type":"Feature","id":414709,"properties":{"OBJECTID":414709,"PRIMENAME":"West Woodmont Circle","ELEVTYP_F":0,"ELEVTYP_T":0},"geometry":{"type":"LineString","coordinates":[[-74.2778572315303,40.4768549706337],[-74.2776836600785,40.4766292062627]]}},{"type":"Feature","id":414710,"properties":{"OBJECTID":414710,"PRIMENAME":"South Woodmont Circle","ELEVTYP_F":0,"ELEVTYP_T":0},"geometry":{"type":"LineString","coordinates":[[-74.2772495366041,40.476230926669],[-74.2762738658727,40.4766559593342],[-74.2761721147992,40.4767133029868],[-74.276124540749,40.4767457597865]]}},{"type":"Feature","id":414711,"properties":{"OBJECTID":414711,"PRIMENAME":"East Woodmont Circle","ELEVTYP_F":0,"ELEVTYP_T":0},"geometry":{"type":"LineString","coordinates":[[-74.2762668633318,40.4772640200372],[-74.2764375106986,40.4774903590604]]}},{"type":"Feature","id":414712,"properties":{"OBJECTID":414712,"PRIMENAME":"East Woodmont Circle","ELEVTYP_F":0,"ELEVTYP_T":0},"geometry":{"type":"LineString","coordinates":[[-74.2764375106986,40.4774903590604],[-74.2765784387505,40.4776772781505],[-74.2766488528826,40.4777483337996]]}},{"type":"Feature","id":414713,"properties":{"OBJECTID":414713,"PRIMENAME":"John T Oleary Boulevard","ELEVTYP_F":0,"ELEVTYP_T":0},"geometry":{"type":"LineString","coordinates":[[-74.2760644228669,40.4780698913063],[-74.2761432118062,40.4780241710132],[-74.2761784804853,40.4779949542849],[-74.2762175949634,40.4779782530028],[-74.2764767636188,40.4778557224185],[-74.2766488528826,40.4777483337996]]}},{"type":"Feature","id":414714,"properties":{"OBJECTID":414714,"PRIMENAME":"West Woodmont Circle","ELEVTYP_F":0,"ELEVTYP_T":0},"geometry":{"type":"LineString","coordinates":[[-74.2775093734273,40.4764025107913],[-74.2774012202335,40.4762618332624],[-74.2773952640784,40.4762548844736],[-74.2773884512843,40.4762484109146],[-74.2773808464277,40.4762424739464],[-74.2773725215927,40.4762371298434],[-74.2773635556878,40.4762324292607],[-74.277354033698,40.4762284167534],[-74.2773440458791,40.4762251303549],[-74.2773336869024,40.4762226012157],[-74.277323054957,40.4762208533088],[-74.2773122508198,40.4762199032019],[-74.2773013768993,40.4762197599008],[-74.2772905362658,40.4762204247637],[-74.277279831674,40.4762218914887],[-74.277269364589,40.4762241461733],[-74.277259234225,40.4762271674459],[-74.2772495366041,40.476230926669]]}},{"type":"Feature","id":414715,"properties":{"OBJECTID":414715,"PRIMENAME":"Main Street","ELEVTYP_F":0,"ELEVTYP_T":0},"geometry":{"type":"LineString","coordinates":[[-74.2845044325441,40.4898236241871],[-74.2846206715441,40.4898821739361],[-74.2847504395884,40.4899478592597],[-74.2849685795883,40.4900496162105],[-74.2850593652873,40.4900896407785]]}},{"type":"Feature","id":414734,"properties":{"OBJECTID":414734,"PRIMENAME":"Radford Ferry Road","ELEVTYP_F":0,"ELEVTYP_T":1},"geometry":{"type":"LineString","coordinates":[[-74.2846755109317,40.4894102977498],[-74.2846734018823,40.4893600349577],[-74.2846666181627,40.489310013803],[-74.2846551941094,40.4892604873968],[-74.2846391875391,40.4892117063461],[-74.2846186794556,40.4891639174856],[-74.2845937736405,40.4891173626292],[-74.2845645961268,40.4890722773462],[-74.2845312945621,40.4890288897693],[-74.2844940374604,40.4889874194402],[-74.2844530133501,40.4889480761991],[-74.2844084298194,40.4889110591226],[-74.2843605124661,40.4888765555167],[-74.2843095037559,40.488844739969],[-74.2842556617958,40.4888157734652],[-74.2841992590275,40.488789802575],[-74.2841405808497,40.4887669587099],[-74.2835421373813,40.4885472072463]]}},{"type":"Feature","id":414735,"properties":{"OBJECTID":414735,"PRIMENAME":"Radford Ferry Road","ELEVTYP_F":1,"ELEVTYP_T":0},"geometry":{"type":"LineString","coordinates":[[-74.2835421373813,40.4885472072463],[-74.2827841424401,40.4882844881474],[-74.2824874379569,40.4882171058837],[-74.2821925430087,40.4881550084799],[-74.2820887677718,40.4881381232395],[-74.2817623811794,40.4880805594875],[-74.2814807163956,40.4880691170292],[-74.2812235016148,40.488071747526],[-74.2809560404296,40.4880868263937],[-74.280600067166,40.4881397343569],[-74.2803345707913,40.4881906318845],[-74.2800888155281,40.488259706912],[-74.2799143713694,40.4883198469565],[-74.279672486134,40.4884161410874],[-74.2794107499122,40.488527514847],[-74.2791172528938,40.4886630165124]]}},{"type":"Feature","id":414736,"properties":{"OBJECTID":414736,"PRIMENAME":"Radford Ferry Road","ELEVTYP_F":0,"ELEVTYP_T":0},"geometry":{"type":"LineString","coordinates":[[-74.2846755109317,40.4894102977498],[-74.2846742675297,40.489444498652],[-74.2846708582683,40.48947861357],[-74.2846652911296,40.4895125625987],[-74.2846575791499,40.4895462662214],[-74.2846477403893,40.489579645496],[-74.2846357978895,40.4896126222399],[-74.2846217796197,40.4896451192135],[-74.2846057184113,40.4896770603007],[-74.2845535693142,40.4897737126672],[-74.2845044325441,40.4898236241871]]}},{"type":"Feature","id":414737,"properties":{"OBJECTID":414737,"PRIMENAME":"Fr Radford Ferry Road to CO 684","ELEVTYP_F":0,"ELEVTYP_T":0},"geometry":{"type":"LineString","coordinates":[[-74.2846755109317,40.4894102977498],[-74.2846093003713,40.4895410894504],[-74.2845829858739,40.4895770468025],[-74.284572370977,40.4895898434322],[-74.2845599798428,40.4896016727782],[-74.2845459623269,40.4896123917783],[-74.2845304879545,40.4896218707984],[-74.28451374387,40.4896299952006],[-74.2844959325737,40.4896366667293],[-74.2844772694729,40.4896418047],[-74.2844579802766,40.4896453469747],[-74.2844382982661,40.4896472507135],[-74.284418461473,40.4896474928929],[-74.2843987098013,40.489646070584],[-74.2843792821252,40.489643000988],[-74.2843604134007,40.4896383212282],[-74.2843423318237,40.4896320879011],[-74.2843252560702,40.4896243763919],[-74.2843093926518,40.4896152799623],[-74.2841489181097,40.4895122524041],[-74.2841151087791,40.4894905461522],[-74.2840302449914,40.4894461052954]]}},{"type":"Feature","id":414738,"properties":{"OBJECTID":414738,"PRIMENAME":"Main Street","ELEVTYP_F":0,"ELEVTYP_T":0},"geometry":{"type":"LineString","coordinates":[[-74.2840882894432,40.4863004270643],[-74.2840039698736,40.4864267373326],[-74.2838455986682,40.4866607661956],[-74.283648396892,40.4869285967636],[-74.2834761808235,40.4871626262003],[-74.2833872378798,40.4873060303584],[-74.2833231852627,40.4874347125288],[-74.2832813224906,40.4875613215843],[-74.2832588172183,40.4876837402534],[-74.2832556329042,40.4878019945977],[-74.2832611372569,40.4879665289467],[-74.2832858907156,40.4880788869928],[-74.2833375388207,40.4881954050393],[-74.2833892235103,40.4883009660292],[-74.2835421373813,40.4885472072463]]}},{"type":"Feature","id":414739,"properties":{"OBJECTID":414739,"PRIMENAME":"Main Street","ELEVTYP_F":0,"ELEVTYP_T":0},"geometry":{"type":"LineString","coordinates":[[-74.2840302449914,40.4894461052954],[-74.2841129174116,40.4895434380195],[-74.2842148849397,40.4896449235012],[-74.2843114807838,40.489716916656],[-74.2844439841507,40.4897931763543],[-74.2845044325441,40.4898236241871]]}},{"type":"Feature","id":414740,"properties":{"OBJECTID":414740,"PRIMENAME":"Main Street","ELEVTYP_F":0,"ELEVTYP_T":0},"geometry":{"type":"LineString","coordinates":[[-74.2835421373813,40.4885472072463],[-74.2835907065715,40.4886834774877],[-74.2839449680761,40.4893087165039],[-74.2840302449914,40.4894461052954]]}},{"type":"Feature","id":414741,"properties":{"OBJECTID":414741,"PRIMENAME":"Fr CO 684 to Radford Ferry Road","ELEVTYP_F":0,"ELEVTYP_T":0},"geometry":{"type":"LineString","coordinates":[[-74.2850593652873,40.4900896407785],[-74.284891226686,40.4899212365898],[-74.2848683903171,40.489897026842],[-74.2848473101728,40.4898719057376],[-74.2848280485004,40.4898459474586],[-74.2848106621772,40.4898192286593],[-74.2847952025423,40.4897918282397],[-74.2847817152452,40.4897638271125],[-74.2847702401109,40.4897353079641],[-74.2847608110226,40.4897063550107],[-74.2846755109317,40.4894102977498]]}},{"type":"Feature","id":431538,"properties":{"OBJECTID":431538,"PRIMENAME":"US Highway 9","ELEVTYP_F":0,"ELEVTYP_T":0},"geometry":{"type":"LineString","coordinates":[[-74.2918176501471,40.4786916893968],[-74.2916245839585,40.4785465086642],[-74.2914598610447,40.478408350559]]}},{"type":"Feature","id":431539,"properties":{"OBJECTID":431539,"PRIMENAME":"State Highway 35","ELEVTYP_F":0,"ELEVTYP_T":0},"geometry":{"type":"LineString","coordinates":[[-74.2905757800804,40.4777780875563],[-74.2906434087252,40.4778329479403]]}},{"type":"Feature","id":431574,"properties":{"OBJECTID":431574,"PRIMENAME":"South Pine Avenue","ELEVTYP_F":0,"ELEVTYP_T":0},"geometry":{"type":"LineString","coordinates":[[-74.286630706907,40.4814036788321],[-74.2864650712077,40.4811916951282]]}},{"type":"Feature","id":431773,"properties":{"OBJECTID":431773,"PRIMENAME":"Governor Harold G Hoffman Plaza","ELEVTYP_F":null,"ELEVTYP_T":null},"geometry":{"type":"LineString","coordinates":[[-74.2728660407307,40.4819080529863],[-74.2736552093776,40.48156282287],[-74.2736879104854,40.4815517981109],[-74.2737228954047,40.4815461931852],[-74.2737586419966,40.4815462519542],[-74.2737935949834,40.4815519718612],[-74.274143828902,40.481616944922],[-74.2741738385958,40.4816220883316],[-74.2742012286823,40.4816327712928],[-74.2742242765376,40.4816483219308],[-74.2742415326275,40.4816677622315],[-74.2743588959366,40.4818190682325],[-74.2743730891825,40.4818393765189],[-74.2743903963677,40.4818582241953],[-74.2744105631529,40.4818753342811],[-74.2744332931738,40.4818904553305],[-74.2744582523969,40.4819033651281],[-74.2744850740282,40.4819138739545],[-74.2745133639035,40.481921827374],[-74.2745427062812,40.4819271085051],[-74.2747575941343,40.4819650550819],[-74.274836432652,40.4819788487924],[-74.2748728050116,40.4819883184266],[-74.27490585757,40.4820032868369],[-74.2749341829369,40.482023116664],[-74.2749565750047,40.4820469635476]]}},{"type":"Feature","id":431774,"properties":{"OBJECTID":431774,"PRIMENAME":"John T Oleary Boulevard","ELEVTYP_F":0,"ELEVTYP_T":0},"geometry":{"type":"LineString","coordinates":[[-74.2730255703859,40.4821182905984],[-74.2729460418905,40.4820128313951],[-74.2728660407307,40.4819080529863]]}}]}
